firstdevice,seconddevice,daytimestampFirst,daytimestampFirstID,daytimestampSecond,daytimestampSecondID,cosinesimilarity
57,1,09-12-16-Monday,1,09-12-16-Monday,1,1.0
57,4,09-12-16-Monday,1,09-12-16-Monday,1,1.0
57,5,09-12-16-Monday,1,09-12-16-Monday,1,1.0
57,6,09-12-16-Monday,1,09-12-16-Monday,1,1.0
57,7,09-12-16-Monday,1,09-12-16-Monday,1,1.0
57,8,09-12-16-Monday,1,09-12-16-Monday,1,1.0
57,9,09-12-16-Monday,1,09-12-16-Monday,1,1.0
57,10,09-12-16-Monday,1,09-12-16-Monday,1,1.0
57,11,09-12-16-Monday,1,09-12-16-Monday,1,1.0
57,12,09-12-16-Monday,1,09-12-16-Monday,1,1.0
57,13,09-12-16-Monday,1,09-12-16-Monday,1,1.0
57,1,09-13-16-Tuesday,2,09-13-16-Tuesday,2,1.0
57,1,09-13-16-Tuesday,2,09-14-16-Wednesday,3,1.0
57,1,09-13-16-Tuesday,2,09-15-16-Thursday,4,1.0
57,1,09-13-16-Tuesday,2,09-16-16-Friday,5,1.0
57,1,09-13-16-Tuesday,2,09-17-16-Saturday,6,1.0
57,1,09-13-16-Tuesday,2,09-18-16-Sunday,7,1.0
57,1,09-13-16-Tuesday,2,09-19-16-Monday,8,1.0
57,1,09-13-16-Tuesday,2,09-20-16-Tuesday,9,1.0
57,1,09-13-16-Tuesday,2,09-21-16-Wednesday,10,1.0
57,1,09-13-16-Tuesday,2,09-22-16-Thursday,11,1.0
57,1,09-13-16-Tuesday,2,09-24-16-Saturday,13,1.0
57,1,09-14-16-Wednesday,3,09-13-16-Tuesday,2,1.0
57,1,09-14-16-Wednesday,3,09-14-16-Wednesday,3,1.0
57,1,09-14-16-Wednesday,3,09-15-16-Thursday,4,1.0
57,1,09-14-16-Wednesday,3,09-16-16-Friday,5,1.0
57,1,09-14-16-Wednesday,3,09-17-16-Saturday,6,1.0
57,1,09-14-16-Wednesday,3,09-18-16-Sunday,7,1.0
57,1,09-14-16-Wednesday,3,09-19-16-Monday,8,1.0
57,1,09-14-16-Wednesday,3,09-20-16-Tuesday,9,1.0
57,1,09-14-16-Wednesday,3,09-21-16-Wednesday,10,1.0
57,1,09-14-16-Wednesday,3,09-22-16-Thursday,11,1.0
57,1,09-14-16-Wednesday,3,09-24-16-Saturday,13,1.0
57,1,09-15-16-Thursday,4,09-13-16-Tuesday,2,1.0
57,1,09-15-16-Thursday,4,09-14-16-Wednesday,3,1.0
57,1,09-15-16-Thursday,4,09-15-16-Thursday,4,1.0
57,1,09-15-16-Thursday,4,09-16-16-Friday,5,1.0
57,1,09-15-16-Thursday,4,09-17-16-Saturday,6,1.0
57,1,09-15-16-Thursday,4,09-18-16-Sunday,7,1.0
57,1,09-15-16-Thursday,4,09-19-16-Monday,8,1.0
57,1,09-15-16-Thursday,4,09-20-16-Tuesday,9,1.0
57,1,09-15-16-Thursday,4,09-21-16-Wednesday,10,1.0
57,1,09-15-16-Thursday,4,09-22-16-Thursday,11,1.0
57,1,09-15-16-Thursday,4,09-24-16-Saturday,13,1.0
57,1,09-16-16-Friday,5,09-13-16-Tuesday,2,1.0
57,1,09-16-16-Friday,5,09-14-16-Wednesday,3,1.0
57,1,09-16-16-Friday,5,09-15-16-Thursday,4,1.0
57,1,09-16-16-Friday,5,09-16-16-Friday,5,1.0
57,1,09-16-16-Friday,5,09-17-16-Saturday,6,1.0
57,1,09-16-16-Friday,5,09-18-16-Sunday,7,1.0
57,1,09-16-16-Friday,5,09-19-16-Monday,8,1.0
57,1,09-16-16-Friday,5,09-20-16-Tuesday,9,1.0
57,1,09-16-16-Friday,5,09-21-16-Wednesday,10,1.0
57,1,09-16-16-Friday,5,09-22-16-Thursday,11,1.0
57,1,09-16-16-Friday,5,09-24-16-Saturday,13,1.0
57,1,09-17-16-Saturday,6,09-13-16-Tuesday,2,1.0
57,1,09-17-16-Saturday,6,09-14-16-Wednesday,3,1.0
57,1,09-17-16-Saturday,6,09-15-16-Thursday,4,1.0
57,1,09-17-16-Saturday,6,09-16-16-Friday,5,1.0
57,1,09-17-16-Saturday,6,09-17-16-Saturday,6,1.0
57,1,09-17-16-Saturday,6,09-18-16-Sunday,7,1.0
57,1,09-17-16-Saturday,6,09-19-16-Monday,8,1.0
57,1,09-17-16-Saturday,6,09-20-16-Tuesday,9,1.0
57,1,09-17-16-Saturday,6,09-21-16-Wednesday,10,1.0
57,1,09-17-16-Saturday,6,09-22-16-Thursday,11,1.0
57,1,09-17-16-Saturday,6,09-24-16-Saturday,13,1.0
57,1,09-18-16-Sunday,7,09-13-16-Tuesday,2,1.0
57,1,09-18-16-Sunday,7,09-14-16-Wednesday,3,1.0
57,1,09-18-16-Sunday,7,09-15-16-Thursday,4,1.0
57,1,09-18-16-Sunday,7,09-16-16-Friday,5,1.0
57,1,09-18-16-Sunday,7,09-17-16-Saturday,6,1.0
57,1,09-18-16-Sunday,7,09-18-16-Sunday,7,1.0
57,1,09-18-16-Sunday,7,09-19-16-Monday,8,1.0
57,1,09-18-16-Sunday,7,09-20-16-Tuesday,9,1.0
57,1,09-18-16-Sunday,7,09-21-16-Wednesday,10,1.0
57,1,09-18-16-Sunday,7,09-22-16-Thursday,11,1.0
57,1,09-18-16-Sunday,7,09-24-16-Saturday,13,1.0
57,1,09-19-16-Monday,8,09-13-16-Tuesday,2,1.0
57,1,09-19-16-Monday,8,09-14-16-Wednesday,3,1.0
57,1,09-19-16-Monday,8,09-15-16-Thursday,4,1.0
57,1,09-19-16-Monday,8,09-16-16-Friday,5,1.0
57,1,09-19-16-Monday,8,09-17-16-Saturday,6,1.0
57,1,09-19-16-Monday,8,09-18-16-Sunday,7,1.0
57,1,09-19-16-Monday,8,09-19-16-Monday,8,1.0
57,1,09-19-16-Monday,8,09-20-16-Tuesday,9,1.0
57,1,09-19-16-Monday,8,09-21-16-Wednesday,10,1.0
57,1,09-19-16-Monday,8,09-22-16-Thursday,11,1.0
57,1,09-19-16-Monday,8,09-24-16-Saturday,13,1.0
57,1,09-20-16-Tuesday,9,09-13-16-Tuesday,2,1.0
57,1,09-20-16-Tuesday,9,09-14-16-Wednesday,3,1.0
57,1,09-20-16-Tuesday,9,09-15-16-Thursday,4,1.0
57,1,09-20-16-Tuesday,9,09-16-16-Friday,5,1.0
57,1,09-20-16-Tuesday,9,09-17-16-Saturday,6,1.0
57,1,09-20-16-Tuesday,9,09-18-16-Sunday,7,1.0
57,1,09-20-16-Tuesday,9,09-19-16-Monday,8,1.0
57,1,09-20-16-Tuesday,9,09-20-16-Tuesday,9,1.0
57,1,09-20-16-Tuesday,9,09-21-16-Wednesday,10,1.0
57,1,09-20-16-Tuesday,9,09-22-16-Thursday,11,1.0
57,1,09-20-16-Tuesday,9,09-24-16-Saturday,13,1.0
57,1,09-21-16-Wednesday,10,09-13-16-Tuesday,2,1.0
57,1,09-21-16-Wednesday,10,09-14-16-Wednesday,3,1.0
57,1,09-21-16-Wednesday,10,09-15-16-Thursday,4,1.0
57,1,09-21-16-Wednesday,10,09-16-16-Friday,5,1.0
57,1,09-21-16-Wednesday,10,09-17-16-Saturday,6,1.0
57,1,09-21-16-Wednesday,10,09-18-16-Sunday,7,1.0
57,1,09-21-16-Wednesday,10,09-19-16-Monday,8,1.0
57,1,09-21-16-Wednesday,10,09-20-16-Tuesday,9,1.0
57,1,09-21-16-Wednesday,10,09-21-16-Wednesday,10,1.0
57,1,09-21-16-Wednesday,10,09-22-16-Thursday,11,1.0
57,1,09-21-16-Wednesday,10,09-24-16-Saturday,13,1.0
57,1,09-22-16-Thursday,11,09-13-16-Tuesday,2,1.0
57,1,09-22-16-Thursday,11,09-14-16-Wednesday,3,1.0
57,1,09-22-16-Thursday,11,09-15-16-Thursday,4,1.0
57,1,09-22-16-Thursday,11,09-16-16-Friday,5,1.0
57,1,09-22-16-Thursday,11,09-17-16-Saturday,6,1.0
57,1,09-22-16-Thursday,11,09-18-16-Sunday,7,1.0
57,1,09-22-16-Thursday,11,09-19-16-Monday,8,1.0
57,1,09-22-16-Thursday,11,09-20-16-Tuesday,9,1.0
57,1,09-22-16-Thursday,11,09-21-16-Wednesday,10,1.0
57,1,09-22-16-Thursday,11,09-22-16-Thursday,11,1.0
57,1,09-22-16-Thursday,11,09-24-16-Saturday,13,1.0
57,1,09-23-16-Friday,12,09-13-16-Tuesday,2,1.0
57,1,09-23-16-Friday,12,09-14-16-Wednesday,3,1.0
57,1,09-23-16-Friday,12,09-15-16-Thursday,4,1.0
57,1,09-23-16-Friday,12,09-16-16-Friday,5,1.0
57,1,09-23-16-Friday,12,09-17-16-Saturday,6,1.0
57,1,09-23-16-Friday,12,09-18-16-Sunday,7,1.0
57,1,09-23-16-Friday,12,09-19-16-Monday,8,1.0
57,1,09-23-16-Friday,12,09-20-16-Tuesday,9,1.0
57,1,09-23-16-Friday,12,09-21-16-Wednesday,10,1.0
57,1,09-23-16-Friday,12,09-22-16-Thursday,11,1.0
57,1,09-23-16-Friday,12,09-24-16-Saturday,13,1.0
57,1,09-24-16-Saturday,13,09-13-16-Tuesday,2,1.0
57,1,09-24-16-Saturday,13,09-14-16-Wednesday,3,1.0
57,1,09-24-16-Saturday,13,09-15-16-Thursday,4,1.0
57,1,09-24-16-Saturday,13,09-16-16-Friday,5,1.0
57,1,09-24-16-Saturday,13,09-17-16-Saturday,6,1.0
57,1,09-24-16-Saturday,13,09-18-16-Sunday,7,1.0
57,1,09-24-16-Saturday,13,09-19-16-Monday,8,1.0
57,1,09-24-16-Saturday,13,09-20-16-Tuesday,9,1.0
57,1,09-24-16-Saturday,13,09-21-16-Wednesday,10,1.0
57,1,09-24-16-Saturday,13,09-22-16-Thursday,11,1.0
57,1,09-24-16-Saturday,13,09-24-16-Saturday,13,1.0
57,1,09-25-16-Sunday,14,09-13-16-Tuesday,2,1.0
57,1,09-25-16-Sunday,14,09-14-16-Wednesday,3,1.0
57,1,09-25-16-Sunday,14,09-15-16-Thursday,4,1.0
57,1,09-25-16-Sunday,14,09-16-16-Friday,5,1.0
57,1,09-25-16-Sunday,14,09-17-16-Saturday,6,1.0
57,1,09-25-16-Sunday,14,09-18-16-Sunday,7,1.0
57,1,09-25-16-Sunday,14,09-19-16-Monday,8,1.0
57,1,09-25-16-Sunday,14,09-20-16-Tuesday,9,1.0
57,1,09-25-16-Sunday,14,09-21-16-Wednesday,10,1.0
57,1,09-25-16-Sunday,14,09-22-16-Thursday,11,1.0
57,1,09-25-16-Sunday,14,09-24-16-Saturday,13,1.0
57,1,09-26-16-Monday,15,09-13-16-Tuesday,2,1.0
57,1,09-26-16-Monday,15,09-14-16-Wednesday,3,1.0
57,1,09-26-16-Monday,15,09-15-16-Thursday,4,1.0
57,1,09-26-16-Monday,15,09-16-16-Friday,5,1.0
57,1,09-26-16-Monday,15,09-17-16-Saturday,6,1.0
57,1,09-26-16-Monday,15,09-18-16-Sunday,7,1.0
57,1,09-26-16-Monday,15,09-19-16-Monday,8,1.0
57,1,09-26-16-Monday,15,09-20-16-Tuesday,9,1.0
57,1,09-26-16-Monday,15,09-21-16-Wednesday,10,1.0
57,1,09-26-16-Monday,15,09-22-16-Thursday,11,1.0
57,1,09-26-16-Monday,15,09-24-16-Saturday,13,1.0
57,57,09-27-16-Tuesday,16,09-27-16-Tuesday,16,1.0
57,16,09-27-16-Tuesday,16,12-09-16-Friday,89,0.815707678242
57,16,09-27-16-Tuesday,16,01-20-17-Friday,131,0.768873484762
57,70,09-27-16-Tuesday,16,12-09-16-Friday,89,0.756291177705
57,5,09-27-16-Tuesday,16,10-18-16-Tuesday,37,0.738920975142
57,7,09-27-16-Tuesday,16,10-24-16-Monday,43,0.73548558977
57,16,09-27-16-Tuesday,16,01-11-17-Wednesday,122,0.716566451332
57,34,09-27-16-Tuesday,16,11-27-16-Sunday,77,0.696412740873
57,8,09-27-16-Tuesday,16,11-26-16-Saturday,76,0.69390783095
57,23,09-27-16-Tuesday,16,12-22-16-Thursday,102,0.691197547714
57,34,09-27-16-Tuesday,16,12-08-16-Thursday,88,0.684304196116
57,57,09-28-16-Wednesday,17,09-28-16-Wednesday,17,1.0
57,66,09-28-16-Wednesday,17,01-27-17-Friday,138,0.852220073861
57,17,09-28-16-Wednesday,17,09-27-16-Tuesday,16,0.832463266192
57,52,09-28-16-Wednesday,17,11-10-16-Thursday,60,0.827494814094
57,8,09-28-16-Wednesday,17,01-25-17-Wednesday,136,0.822760021876
57,22,09-28-16-Wednesday,17,12-08-16-Thursday,88,0.815779972752
57,54,09-28-16-Wednesday,17,10-13-16-Thursday,32,0.814468554796
57,69,09-28-16-Wednesday,17,01-31-17-Tuesday,142,0.811408300167
57,18,09-28-16-Wednesday,17,10-27-16-Thursday,46,0.810884937876
57,61,09-28-16-Wednesday,17,10-18-16-Tuesday,37,0.81041545648
57,52,09-28-16-Wednesday,17,10-25-16-Tuesday,44,0.806436257222
57,57,09-29-16-Thursday,18,09-29-16-Thursday,18,1.0
57,68,09-29-16-Thursday,18,12-14-16-Wednesday,94,0.885912727051
57,68,09-29-16-Thursday,18,12-05-16-Monday,85,0.880685551599
57,18,09-29-16-Thursday,18,12-23-16-Friday,103,0.840926480919
57,57,09-29-16-Thursday,18,10-19-16-Wednesday,38,0.820872290197
57,56,09-29-16-Thursday,18,01-12-17-Thursday,123,0.815289651652
57,12,09-29-16-Thursday,18,09-22-16-Thursday,11,0.809334210557
57,5,09-29-16-Thursday,18,12-23-16-Friday,103,0.807345864554
57,46,09-29-16-Thursday,18,12-05-16-Monday,85,0.806099926945
57,56,09-29-16-Thursday,18,01-27-17-Friday,138,0.801490572882
57,44,09-29-16-Thursday,18,02-09-17-Thursday,151,0.798824066705
57,57,09-30-16-Friday,19,09-30-16-Friday,19,1.0
57,18,09-30-16-Friday,19,01-04-17-Wednesday,115,0.837904252198
57,10,09-30-16-Friday,19,02-10-17-Friday,152,0.829727997504
57,44,09-30-16-Friday,19,10-25-16-Tuesday,44,0.827519548261
57,52,09-30-16-Friday,19,10-06-16-Thursday,25,0.824596575519
57,10,09-30-16-Friday,19,01-10-17-Tuesday,121,0.823407404921
57,36,09-30-16-Friday,19,01-06-17-Friday,117,0.82312060919
57,10,09-30-16-Friday,19,11-04-16-Friday,54,0.821622469502
57,21,09-30-16-Friday,19,09-27-16-Tuesday,16,0.819840523297
57,18,09-30-16-Friday,19,11-11-16-Friday,61,0.818524519272
57,18,09-30-16-Friday,19,12-08-16-Thursday,88,0.817840737283
57,57,10-01-16-Saturday,20,10-01-16-Saturday,20,1.0
57,52,10-01-16-Saturday,20,10-01-16-Saturday,20,0.999519813266
57,37,10-01-16-Saturday,20,10-01-16-Saturday,20,0.999503328985
57,42,10-01-16-Saturday,20,10-01-16-Saturday,20,0.999495406496
57,26,10-01-16-Saturday,20,10-01-16-Saturday,20,0.999493592376
57,21,10-01-16-Saturday,20,10-01-16-Saturday,20,0.999484174054
57,31,10-01-16-Saturday,20,10-01-16-Saturday,20,0.999474224035
57,51,10-01-16-Saturday,20,10-01-16-Saturday,20,0.999469126431
57,34,10-01-16-Saturday,20,10-01-16-Saturday,20,0.999463087003
57,22,10-01-16-Saturday,20,10-01-16-Saturday,20,0.999461062671
57,43,10-01-16-Saturday,20,10-01-16-Saturday,20,0.999451498379
57,57,10-02-16-Sunday,21,10-02-16-Sunday,21,1.0
57,61,10-02-16-Sunday,21,10-29-16-Saturday,48,0.99958716176
57,12,10-02-16-Sunday,21,09-29-16-Thursday,18,0.999568814164
57,9,10-02-16-Sunday,21,11-15-16-Tuesday,65,0.999568779621
57,56,10-02-16-Sunday,21,11-05-16-Saturday,55,0.999565198112
57,51,10-02-16-Sunday,21,01-06-17-Friday,117,0.999564987084
57,27,10-02-16-Sunday,21,09-27-16-Tuesday,16,0.999557752512
57,44,10-02-16-Sunday,21,12-04-16-Sunday,84,0.999557166372
57,4,10-02-16-Sunday,21,10-02-16-Sunday,21,0.999555349894
57,26,10-02-16-Sunday,21,10-08-16-Saturday,27,0.999553153894
57,34,10-02-16-Sunday,21,12-28-16-Wednesday,108,0.999553030055
57,57,10-03-16-Monday,22,10-03-16-Monday,22,1.0
57,18,10-03-16-Monday,22,11-15-16-Tuesday,65,0.870371447532
57,36,10-03-16-Monday,22,09-21-16-Wednesday,10,0.861865067624
57,10,10-03-16-Monday,22,11-21-16-Monday,71,0.859455767087
57,18,10-03-16-Monday,22,01-24-17-Tuesday,135,0.859217657965
57,18,10-03-16-Monday,22,02-07-17-Tuesday,149,0.852454781824
57,10,10-03-16-Monday,22,10-13-16-Thursday,32,0.85206912118
57,56,10-03-16-Monday,22,01-11-17-Wednesday,122,0.850803189498
57,10,10-03-16-Monday,22,01-30-17-Monday,141,0.84879147458
57,6,10-03-16-Monday,22,12-02-16-Friday,82,0.846018984787
57,49,10-03-16-Monday,22,09-29-16-Thursday,18,0.838099368057
57,57,10-04-16-Tuesday,23,10-04-16-Tuesday,23,1.0
57,21,10-04-16-Tuesday,23,10-04-16-Tuesday,23,0.999663194898
57,37,10-04-16-Tuesday,23,10-04-16-Tuesday,23,0.999635354754
57,15,10-04-16-Tuesday,23,10-04-16-Tuesday,23,0.999605538663
57,27,10-04-16-Tuesday,23,10-04-16-Tuesday,23,0.999478340607
57,17,10-04-16-Tuesday,23,10-04-16-Tuesday,23,0.999462980177
57,14,10-04-16-Tuesday,23,10-04-16-Tuesday,23,0.999448205338
57,64,10-04-16-Tuesday,23,10-04-16-Tuesday,23,0.999403681659
57,8,10-04-16-Tuesday,23,10-04-16-Tuesday,23,0.999354378845
57,39,10-04-16-Tuesday,23,10-04-16-Tuesday,23,0.99934280258
57,52,10-04-16-Tuesday,23,10-04-16-Tuesday,23,0.999198880928
57,1,10-05-16-Wednesday,24,09-13-16-Tuesday,2,1.0
57,1,10-05-16-Wednesday,24,09-14-16-Wednesday,3,1.0
57,1,10-05-16-Wednesday,24,09-15-16-Thursday,4,1.0
57,1,10-05-16-Wednesday,24,09-16-16-Friday,5,1.0
57,1,10-05-16-Wednesday,24,09-17-16-Saturday,6,1.0
57,1,10-05-16-Wednesday,24,09-18-16-Sunday,7,1.0
57,1,10-05-16-Wednesday,24,09-19-16-Monday,8,1.0
57,1,10-05-16-Wednesday,24,09-20-16-Tuesday,9,1.0
57,1,10-05-16-Wednesday,24,09-21-16-Wednesday,10,1.0
57,1,10-05-16-Wednesday,24,09-22-16-Thursday,11,1.0
57,1,10-05-16-Wednesday,24,09-24-16-Saturday,13,1.0
57,1,10-06-16-Thursday,25,09-13-16-Tuesday,2,1.0
57,1,10-06-16-Thursday,25,09-14-16-Wednesday,3,1.0
57,1,10-06-16-Thursday,25,09-15-16-Thursday,4,1.0
57,1,10-06-16-Thursday,25,09-16-16-Friday,5,1.0
57,1,10-06-16-Thursday,25,09-17-16-Saturday,6,1.0
57,1,10-06-16-Thursday,25,09-18-16-Sunday,7,1.0
57,1,10-06-16-Thursday,25,09-19-16-Monday,8,1.0
57,1,10-06-16-Thursday,25,09-20-16-Tuesday,9,1.0
57,1,10-06-16-Thursday,25,09-21-16-Wednesday,10,1.0
57,1,10-06-16-Thursday,25,09-22-16-Thursday,11,1.0
57,1,10-06-16-Thursday,25,09-24-16-Saturday,13,1.0
57,1,10-07-16-Friday,26,09-13-16-Tuesday,2,1.0
57,1,10-07-16-Friday,26,09-14-16-Wednesday,3,1.0
57,1,10-07-16-Friday,26,09-15-16-Thursday,4,1.0
57,1,10-07-16-Friday,26,09-16-16-Friday,5,1.0
57,1,10-07-16-Friday,26,09-17-16-Saturday,6,1.0
57,1,10-07-16-Friday,26,09-18-16-Sunday,7,1.0
57,1,10-07-16-Friday,26,09-19-16-Monday,8,1.0
57,1,10-07-16-Friday,26,09-20-16-Tuesday,9,1.0
57,1,10-07-16-Friday,26,09-21-16-Wednesday,10,1.0
57,1,10-07-16-Friday,26,09-22-16-Thursday,11,1.0
57,1,10-07-16-Friday,26,09-24-16-Saturday,13,1.0
57,1,10-08-16-Saturday,27,09-13-16-Tuesday,2,1.0
57,1,10-08-16-Saturday,27,09-14-16-Wednesday,3,1.0
57,1,10-08-16-Saturday,27,09-15-16-Thursday,4,1.0
57,1,10-08-16-Saturday,27,09-16-16-Friday,5,1.0
57,1,10-08-16-Saturday,27,09-17-16-Saturday,6,1.0
57,1,10-08-16-Saturday,27,09-18-16-Sunday,7,1.0
57,1,10-08-16-Saturday,27,09-19-16-Monday,8,1.0
57,1,10-08-16-Saturday,27,09-20-16-Tuesday,9,1.0
57,1,10-08-16-Saturday,27,09-21-16-Wednesday,10,1.0
57,1,10-08-16-Saturday,27,09-22-16-Thursday,11,1.0
57,1,10-08-16-Saturday,27,09-24-16-Saturday,13,1.0
57,1,10-09-16-Sunday,28,09-13-16-Tuesday,2,1.0
57,1,10-09-16-Sunday,28,09-14-16-Wednesday,3,1.0
57,1,10-09-16-Sunday,28,09-15-16-Thursday,4,1.0
57,1,10-09-16-Sunday,28,09-16-16-Friday,5,1.0
57,1,10-09-16-Sunday,28,09-17-16-Saturday,6,1.0
57,1,10-09-16-Sunday,28,09-18-16-Sunday,7,1.0
57,1,10-09-16-Sunday,28,09-19-16-Monday,8,1.0
57,1,10-09-16-Sunday,28,09-20-16-Tuesday,9,1.0
57,1,10-09-16-Sunday,28,09-21-16-Wednesday,10,1.0
57,1,10-09-16-Sunday,28,09-22-16-Thursday,11,1.0
57,1,10-09-16-Sunday,28,09-24-16-Saturday,13,1.0
57,1,10-10-16-Monday,29,09-13-16-Tuesday,2,1.0
57,1,10-10-16-Monday,29,09-14-16-Wednesday,3,1.0
57,1,10-10-16-Monday,29,09-15-16-Thursday,4,1.0
57,1,10-10-16-Monday,29,09-16-16-Friday,5,1.0
57,1,10-10-16-Monday,29,09-17-16-Saturday,6,1.0
57,1,10-10-16-Monday,29,09-18-16-Sunday,7,1.0
57,1,10-10-16-Monday,29,09-19-16-Monday,8,1.0
57,1,10-10-16-Monday,29,09-20-16-Tuesday,9,1.0
57,1,10-10-16-Monday,29,09-21-16-Wednesday,10,1.0
57,1,10-10-16-Monday,29,09-22-16-Thursday,11,1.0
57,1,10-10-16-Monday,29,09-24-16-Saturday,13,1.0
57,1,10-11-16-Tuesday,30,09-13-16-Tuesday,2,1.0
57,1,10-11-16-Tuesday,30,09-14-16-Wednesday,3,1.0
57,1,10-11-16-Tuesday,30,09-15-16-Thursday,4,1.0
57,1,10-11-16-Tuesday,30,09-16-16-Friday,5,1.0
57,1,10-11-16-Tuesday,30,09-17-16-Saturday,6,1.0
57,1,10-11-16-Tuesday,30,09-18-16-Sunday,7,1.0
57,1,10-11-16-Tuesday,30,09-19-16-Monday,8,1.0
57,1,10-11-16-Tuesday,30,09-20-16-Tuesday,9,1.0
57,1,10-11-16-Tuesday,30,09-21-16-Wednesday,10,1.0
57,1,10-11-16-Tuesday,30,09-22-16-Thursday,11,1.0
57,1,10-11-16-Tuesday,30,09-24-16-Saturday,13,1.0
57,1,10-12-16-Wednesday,31,09-13-16-Tuesday,2,1.0
57,1,10-12-16-Wednesday,31,09-14-16-Wednesday,3,1.0
57,1,10-12-16-Wednesday,31,09-15-16-Thursday,4,1.0
57,1,10-12-16-Wednesday,31,09-16-16-Friday,5,1.0
57,1,10-12-16-Wednesday,31,09-17-16-Saturday,6,1.0
57,1,10-12-16-Wednesday,31,09-18-16-Sunday,7,1.0
57,1,10-12-16-Wednesday,31,09-19-16-Monday,8,1.0
57,1,10-12-16-Wednesday,31,09-20-16-Tuesday,9,1.0
57,1,10-12-16-Wednesday,31,09-21-16-Wednesday,10,1.0
57,1,10-12-16-Wednesday,31,09-22-16-Thursday,11,1.0
57,1,10-12-16-Wednesday,31,09-24-16-Saturday,13,1.0
57,1,10-13-16-Thursday,32,09-13-16-Tuesday,2,1.0
57,1,10-13-16-Thursday,32,09-14-16-Wednesday,3,1.0
57,1,10-13-16-Thursday,32,09-15-16-Thursday,4,1.0
57,1,10-13-16-Thursday,32,09-16-16-Friday,5,1.0
57,1,10-13-16-Thursday,32,09-17-16-Saturday,6,1.0
57,1,10-13-16-Thursday,32,09-18-16-Sunday,7,1.0
57,1,10-13-16-Thursday,32,09-19-16-Monday,8,1.0
57,1,10-13-16-Thursday,32,09-20-16-Tuesday,9,1.0
57,1,10-13-16-Thursday,32,09-21-16-Wednesday,10,1.0
57,1,10-13-16-Thursday,32,09-22-16-Thursday,11,1.0
57,1,10-13-16-Thursday,32,09-24-16-Saturday,13,1.0
57,57,10-14-16-Friday,33,10-14-16-Friday,33,1.0
57,38,10-14-16-Friday,33,10-12-16-Wednesday,31,0.924308434733
57,37,10-14-16-Friday,33,09-30-16-Friday,19,0.886618414929
57,5,10-14-16-Friday,33,09-29-16-Thursday,18,0.853312230365
57,7,10-14-16-Friday,33,01-09-17-Monday,120,0.82564778757
57,10,10-14-16-Friday,33,11-28-16-Monday,78,0.820100339695
57,24,10-14-16-Friday,33,12-05-16-Monday,85,0.817184678935
57,34,10-14-16-Friday,33,12-09-16-Friday,89,0.792985058402
57,38,10-14-16-Friday,33,11-23-16-Wednesday,73,0.784081291049
57,16,10-14-16-Friday,33,12-23-16-Friday,103,0.769849229653
57,31,10-14-16-Friday,33,12-20-16-Tuesday,100,0.769811527912
57,57,10-15-16-Saturday,34,10-15-16-Saturday,34,1.0
57,7,10-15-16-Saturday,34,09-23-16-Friday,12,0.908497492136
57,45,10-15-16-Saturday,34,10-30-16-Sunday,49,0.879159614478
57,15,10-15-16-Saturday,34,09-22-16-Thursday,11,0.862070190214
57,36,10-15-16-Saturday,34,09-22-16-Thursday,11,0.853705870448
57,16,10-15-16-Saturday,34,11-16-16-Wednesday,66,0.851607394856
57,21,10-15-16-Saturday,34,11-18-16-Friday,68,0.838645319841
57,52,10-15-16-Saturday,34,01-06-17-Friday,117,0.81244851642
57,42,10-15-16-Saturday,34,12-06-16-Tuesday,86,0.789417672216
57,38,10-15-16-Saturday,34,11-09-16-Wednesday,59,0.788248554561
57,52,10-15-16-Saturday,34,11-30-16-Wednesday,80,0.787472892356
57,57,10-16-16-Sunday,35,10-16-16-Sunday,35,1.0
57,43,10-16-16-Sunday,35,10-16-16-Sunday,35,0.9996516925
57,56,10-16-16-Sunday,35,10-16-16-Sunday,35,0.999597155825
57,13,10-16-16-Sunday,35,10-16-16-Sunday,35,0.999550334368
57,44,10-16-16-Sunday,35,10-16-16-Sunday,35,0.999548549683
57,52,10-16-16-Sunday,35,10-16-16-Sunday,35,0.999547686123
57,45,10-16-16-Sunday,35,10-16-16-Sunday,35,0.999544594119
57,21,10-16-16-Sunday,35,10-16-16-Sunday,35,0.99954361088
57,26,10-16-16-Sunday,35,10-16-16-Sunday,35,0.999532289166
57,6,10-16-16-Sunday,35,10-16-16-Sunday,35,0.99953178898
57,33,10-16-16-Sunday,35,10-16-16-Sunday,35,0.999525528291
57,57,10-17-16-Monday,36,10-17-16-Monday,36,1.0
57,54,10-17-16-Monday,36,01-05-17-Thursday,116,0.800197386274
57,5,10-17-16-Monday,36,12-12-16-Monday,92,0.799438840651
57,28,10-17-16-Monday,36,10-06-16-Thursday,25,0.797710202108
57,18,10-17-16-Monday,36,01-09-17-Monday,120,0.797119874066
57,18,10-17-16-Monday,36,12-20-16-Tuesday,100,0.794247448104
57,56,10-17-16-Monday,36,11-09-16-Wednesday,59,0.793491377879
57,18,10-17-16-Monday,36,10-31-16-Monday,50,0.791300982177
57,44,10-17-16-Monday,36,09-27-16-Tuesday,16,0.789840098349
57,61,10-17-16-Monday,36,12-12-16-Monday,92,0.787935581893
57,18,10-17-16-Monday,36,10-20-16-Thursday,39,0.78707182149
57,57,10-18-16-Tuesday,37,10-18-16-Tuesday,37,1.0
57,44,10-18-16-Tuesday,37,11-04-16-Friday,54,0.831845730121
57,18,10-18-16-Tuesday,37,01-03-17-Tuesday,114,0.818226876724
57,54,10-18-16-Tuesday,37,12-14-16-Wednesday,94,0.803518164602
57,19,10-18-16-Tuesday,37,09-30-16-Friday,19,0.79511744322
57,23,10-18-16-Tuesday,37,09-22-16-Thursday,11,0.794438062552
57,54,10-18-16-Tuesday,37,01-26-17-Thursday,137,0.793893639372
57,31,10-18-16-Tuesday,37,11-23-16-Wednesday,73,0.792936074722
57,5,10-18-16-Tuesday,37,12-07-16-Wednesday,87,0.791883139571
57,41,10-18-16-Tuesday,37,11-23-16-Wednesday,73,0.788072988907
57,11,10-18-16-Tuesday,37,12-13-16-Tuesday,93,0.784585644169
57,57,10-19-16-Wednesday,38,10-19-16-Wednesday,38,1.0
57,37,10-19-16-Wednesday,38,10-06-16-Thursday,25,0.905123091007
57,36,10-19-16-Wednesday,38,09-29-16-Thursday,18,0.900306903708
57,68,10-19-16-Wednesday,38,12-14-16-Wednesday,94,0.895529253002
57,54,10-19-16-Wednesday,38,02-04-17-Saturday,146,0.885294603154
57,11,10-19-16-Wednesday,38,09-27-16-Tuesday,16,0.883866058429
57,54,10-19-16-Wednesday,38,02-12-17-Sunday,154,0.882055112328
57,5,10-19-16-Wednesday,38,12-23-16-Friday,103,0.871053393354
57,46,10-19-16-Wednesday,38,12-05-16-Monday,85,0.870722913669
57,54,10-19-16-Wednesday,38,02-11-17-Saturday,153,0.86021204882
57,10,10-19-16-Wednesday,38,10-19-16-Wednesday,38,0.859922819379
57,57,10-20-16-Thursday,39,10-20-16-Thursday,39,1.0
57,70,10-20-16-Thursday,39,12-12-16-Monday,92,0.813911294255
57,45,10-20-16-Thursday,39,01-19-17-Thursday,130,0.802967226758
57,10,10-20-16-Thursday,39,10-11-16-Tuesday,30,0.795338774088
57,61,10-20-16-Thursday,39,11-08-16-Tuesday,58,0.791639272784
57,46,10-20-16-Thursday,39,09-23-16-Friday,12,0.791421120835
57,28,10-20-16-Thursday,39,11-08-16-Tuesday,58,0.789357704567
57,18,10-20-16-Thursday,39,10-26-16-Wednesday,45,0.789307803551
57,18,10-20-16-Thursday,39,01-18-17-Wednesday,129,0.78327451637
57,10,10-20-16-Thursday,39,09-29-16-Thursday,18,0.782901638418
57,10,10-20-16-Thursday,39,01-05-17-Thursday,116,0.782626984458
57,1,10-21-16-Friday,40,09-13-16-Tuesday,2,1.0
57,1,10-21-16-Friday,40,09-14-16-Wednesday,3,1.0
57,1,10-21-16-Friday,40,09-15-16-Thursday,4,1.0
57,1,10-21-16-Friday,40,09-16-16-Friday,5,1.0
57,1,10-21-16-Friday,40,09-17-16-Saturday,6,1.0
57,1,10-21-16-Friday,40,09-18-16-Sunday,7,1.0
57,1,10-21-16-Friday,40,09-19-16-Monday,8,1.0
57,1,10-21-16-Friday,40,09-20-16-Tuesday,9,1.0
57,1,10-21-16-Friday,40,09-21-16-Wednesday,10,1.0
57,1,10-21-16-Friday,40,09-22-16-Thursday,11,1.0
57,1,10-21-16-Friday,40,09-24-16-Saturday,13,1.0
57,1,10-22-16-Saturday,41,09-13-16-Tuesday,2,1.0
57,1,10-22-16-Saturday,41,09-14-16-Wednesday,3,1.0
57,1,10-22-16-Saturday,41,09-15-16-Thursday,4,1.0
57,1,10-22-16-Saturday,41,09-16-16-Friday,5,1.0
57,1,10-22-16-Saturday,41,09-17-16-Saturday,6,1.0
57,1,10-22-16-Saturday,41,09-18-16-Sunday,7,1.0
57,1,10-22-16-Saturday,41,09-19-16-Monday,8,1.0
57,1,10-22-16-Saturday,41,09-20-16-Tuesday,9,1.0
57,1,10-22-16-Saturday,41,09-21-16-Wednesday,10,1.0
57,1,10-22-16-Saturday,41,09-22-16-Thursday,11,1.0
57,1,10-22-16-Saturday,41,09-24-16-Saturday,13,1.0
57,1,10-23-16-Sunday,42,09-13-16-Tuesday,2,1.0
57,1,10-23-16-Sunday,42,09-14-16-Wednesday,3,1.0
57,1,10-23-16-Sunday,42,09-15-16-Thursday,4,1.0
57,1,10-23-16-Sunday,42,09-16-16-Friday,5,1.0
57,1,10-23-16-Sunday,42,09-17-16-Saturday,6,1.0
57,1,10-23-16-Sunday,42,09-18-16-Sunday,7,1.0
57,1,10-23-16-Sunday,42,09-19-16-Monday,8,1.0
57,1,10-23-16-Sunday,42,09-20-16-Tuesday,9,1.0
57,1,10-23-16-Sunday,42,09-21-16-Wednesday,10,1.0
57,1,10-23-16-Sunday,42,09-22-16-Thursday,11,1.0
57,1,10-23-16-Sunday,42,09-24-16-Saturday,13,1.0
57,1,10-24-16-Monday,43,09-13-16-Tuesday,2,1.0
57,1,10-24-16-Monday,43,09-14-16-Wednesday,3,1.0
57,1,10-24-16-Monday,43,09-15-16-Thursday,4,1.0
57,1,10-24-16-Monday,43,09-16-16-Friday,5,1.0
57,1,10-24-16-Monday,43,09-17-16-Saturday,6,1.0
57,1,10-24-16-Monday,43,09-18-16-Sunday,7,1.0
57,1,10-24-16-Monday,43,09-19-16-Monday,8,1.0
57,1,10-24-16-Monday,43,09-20-16-Tuesday,9,1.0
57,1,10-24-16-Monday,43,09-21-16-Wednesday,10,1.0
57,1,10-24-16-Monday,43,09-22-16-Thursday,11,1.0
57,1,10-24-16-Monday,43,09-24-16-Saturday,13,1.0
57,1,10-25-16-Tuesday,44,09-13-16-Tuesday,2,1.0
57,1,10-25-16-Tuesday,44,09-14-16-Wednesday,3,1.0
57,1,10-25-16-Tuesday,44,09-15-16-Thursday,4,1.0
57,1,10-25-16-Tuesday,44,09-16-16-Friday,5,1.0
57,1,10-25-16-Tuesday,44,09-17-16-Saturday,6,1.0
57,1,10-25-16-Tuesday,44,09-18-16-Sunday,7,1.0
57,1,10-25-16-Tuesday,44,09-19-16-Monday,8,1.0
57,1,10-25-16-Tuesday,44,09-20-16-Tuesday,9,1.0
57,1,10-25-16-Tuesday,44,09-21-16-Wednesday,10,1.0
57,1,10-25-16-Tuesday,44,09-22-16-Thursday,11,1.0
57,1,10-25-16-Tuesday,44,09-24-16-Saturday,13,1.0
57,1,10-26-16-Wednesday,45,09-13-16-Tuesday,2,1.0
57,1,10-26-16-Wednesday,45,09-14-16-Wednesday,3,1.0
57,1,10-26-16-Wednesday,45,09-15-16-Thursday,4,1.0
57,1,10-26-16-Wednesday,45,09-16-16-Friday,5,1.0
57,1,10-26-16-Wednesday,45,09-17-16-Saturday,6,1.0
57,1,10-26-16-Wednesday,45,09-18-16-Sunday,7,1.0
57,1,10-26-16-Wednesday,45,09-19-16-Monday,8,1.0
57,1,10-26-16-Wednesday,45,09-20-16-Tuesday,9,1.0
57,1,10-26-16-Wednesday,45,09-21-16-Wednesday,10,1.0
57,1,10-26-16-Wednesday,45,09-22-16-Thursday,11,1.0
57,1,10-26-16-Wednesday,45,09-24-16-Saturday,13,1.0
57,1,10-27-16-Thursday,46,09-13-16-Tuesday,2,1.0
57,1,10-27-16-Thursday,46,09-14-16-Wednesday,3,1.0
57,1,10-27-16-Thursday,46,09-15-16-Thursday,4,1.0
57,1,10-27-16-Thursday,46,09-16-16-Friday,5,1.0
57,1,10-27-16-Thursday,46,09-17-16-Saturday,6,1.0
57,1,10-27-16-Thursday,46,09-18-16-Sunday,7,1.0
57,1,10-27-16-Thursday,46,09-19-16-Monday,8,1.0
57,1,10-27-16-Thursday,46,09-20-16-Tuesday,9,1.0
57,1,10-27-16-Thursday,46,09-21-16-Wednesday,10,1.0
57,1,10-27-16-Thursday,46,09-22-16-Thursday,11,1.0
57,1,10-27-16-Thursday,46,09-24-16-Saturday,13,1.0
57,1,10-28-16-Friday,47,09-13-16-Tuesday,2,1.0
57,1,10-28-16-Friday,47,09-14-16-Wednesday,3,1.0
57,1,10-28-16-Friday,47,09-15-16-Thursday,4,1.0
57,1,10-28-16-Friday,47,09-16-16-Friday,5,1.0
57,1,10-28-16-Friday,47,09-17-16-Saturday,6,1.0
57,1,10-28-16-Friday,47,09-18-16-Sunday,7,1.0
57,1,10-28-16-Friday,47,09-19-16-Monday,8,1.0
57,1,10-28-16-Friday,47,09-20-16-Tuesday,9,1.0
57,1,10-28-16-Friday,47,09-21-16-Wednesday,10,1.0
57,1,10-28-16-Friday,47,09-22-16-Thursday,11,1.0
57,1,10-28-16-Friday,47,09-24-16-Saturday,13,1.0
57,1,10-29-16-Saturday,48,09-13-16-Tuesday,2,1.0
57,1,10-29-16-Saturday,48,09-14-16-Wednesday,3,1.0
57,1,10-29-16-Saturday,48,09-15-16-Thursday,4,1.0
57,1,10-29-16-Saturday,48,09-16-16-Friday,5,1.0
57,1,10-29-16-Saturday,48,09-17-16-Saturday,6,1.0
57,1,10-29-16-Saturday,48,09-18-16-Sunday,7,1.0
57,1,10-29-16-Saturday,48,09-19-16-Monday,8,1.0
57,1,10-29-16-Saturday,48,09-20-16-Tuesday,9,1.0
57,1,10-29-16-Saturday,48,09-21-16-Wednesday,10,1.0
57,1,10-29-16-Saturday,48,09-22-16-Thursday,11,1.0
57,1,10-29-16-Saturday,48,09-24-16-Saturday,13,1.0
57,1,10-30-16-Sunday,49,09-13-16-Tuesday,2,1.0
57,1,10-30-16-Sunday,49,09-14-16-Wednesday,3,1.0
57,1,10-30-16-Sunday,49,09-15-16-Thursday,4,1.0
57,1,10-30-16-Sunday,49,09-16-16-Friday,5,1.0
57,1,10-30-16-Sunday,49,09-17-16-Saturday,6,1.0
57,1,10-30-16-Sunday,49,09-18-16-Sunday,7,1.0
57,1,10-30-16-Sunday,49,09-19-16-Monday,8,1.0
57,1,10-30-16-Sunday,49,09-20-16-Tuesday,9,1.0
57,1,10-30-16-Sunday,49,09-21-16-Wednesday,10,1.0
57,1,10-30-16-Sunday,49,09-22-16-Thursday,11,1.0
57,1,10-30-16-Sunday,49,09-24-16-Saturday,13,1.0
57,1,10-31-16-Monday,50,09-13-16-Tuesday,2,1.0
57,1,10-31-16-Monday,50,09-14-16-Wednesday,3,1.0
57,1,10-31-16-Monday,50,09-15-16-Thursday,4,1.0
57,1,10-31-16-Monday,50,09-16-16-Friday,5,1.0
57,1,10-31-16-Monday,50,09-17-16-Saturday,6,1.0
57,1,10-31-16-Monday,50,09-18-16-Sunday,7,1.0
57,1,10-31-16-Monday,50,09-19-16-Monday,8,1.0
57,1,10-31-16-Monday,50,09-20-16-Tuesday,9,1.0
57,1,10-31-16-Monday,50,09-21-16-Wednesday,10,1.0
57,1,10-31-16-Monday,50,09-22-16-Thursday,11,1.0
57,1,10-31-16-Monday,50,09-24-16-Saturday,13,1.0
57,1,11-01-16-Tuesday,51,09-13-16-Tuesday,2,1.0
57,1,11-01-16-Tuesday,51,09-14-16-Wednesday,3,1.0
57,1,11-01-16-Tuesday,51,09-15-16-Thursday,4,1.0
57,1,11-01-16-Tuesday,51,09-16-16-Friday,5,1.0
57,1,11-01-16-Tuesday,51,09-17-16-Saturday,6,1.0
57,1,11-01-16-Tuesday,51,09-18-16-Sunday,7,1.0
57,1,11-01-16-Tuesday,51,09-19-16-Monday,8,1.0
57,1,11-01-16-Tuesday,51,09-20-16-Tuesday,9,1.0
57,1,11-01-16-Tuesday,51,09-21-16-Wednesday,10,1.0
57,1,11-01-16-Tuesday,51,09-22-16-Thursday,11,1.0
57,1,11-01-16-Tuesday,51,09-24-16-Saturday,13,1.0
57,1,11-02-16-Wednesday,52,09-13-16-Tuesday,2,1.0
57,1,11-02-16-Wednesday,52,09-14-16-Wednesday,3,1.0
57,1,11-02-16-Wednesday,52,09-15-16-Thursday,4,1.0
57,1,11-02-16-Wednesday,52,09-16-16-Friday,5,1.0
57,1,11-02-16-Wednesday,52,09-17-16-Saturday,6,1.0
57,1,11-02-16-Wednesday,52,09-18-16-Sunday,7,1.0
57,1,11-02-16-Wednesday,52,09-19-16-Monday,8,1.0
57,1,11-02-16-Wednesday,52,09-20-16-Tuesday,9,1.0
57,1,11-02-16-Wednesday,52,09-21-16-Wednesday,10,1.0
57,1,11-02-16-Wednesday,52,09-22-16-Thursday,11,1.0
57,1,11-02-16-Wednesday,52,09-24-16-Saturday,13,1.0
57,1,11-03-16-Thursday,53,09-13-16-Tuesday,2,1.0
57,1,11-03-16-Thursday,53,09-14-16-Wednesday,3,1.0
57,1,11-03-16-Thursday,53,09-15-16-Thursday,4,1.0
57,1,11-03-16-Thursday,53,09-16-16-Friday,5,1.0
57,1,11-03-16-Thursday,53,09-17-16-Saturday,6,1.0
57,1,11-03-16-Thursday,53,09-18-16-Sunday,7,1.0
57,1,11-03-16-Thursday,53,09-19-16-Monday,8,1.0
57,1,11-03-16-Thursday,53,09-20-16-Tuesday,9,1.0
57,1,11-03-16-Thursday,53,09-21-16-Wednesday,10,1.0
57,1,11-03-16-Thursday,53,09-22-16-Thursday,11,1.0
57,1,11-03-16-Thursday,53,09-24-16-Saturday,13,1.0
57,1,11-04-16-Friday,54,09-13-16-Tuesday,2,1.0
57,1,11-04-16-Friday,54,09-14-16-Wednesday,3,1.0
57,1,11-04-16-Friday,54,09-15-16-Thursday,4,1.0
57,1,11-04-16-Friday,54,09-16-16-Friday,5,1.0
57,1,11-04-16-Friday,54,09-17-16-Saturday,6,1.0
57,1,11-04-16-Friday,54,09-18-16-Sunday,7,1.0
57,1,11-04-16-Friday,54,09-19-16-Monday,8,1.0
57,1,11-04-16-Friday,54,09-20-16-Tuesday,9,1.0
57,1,11-04-16-Friday,54,09-21-16-Wednesday,10,1.0
57,1,11-04-16-Friday,54,09-22-16-Thursday,11,1.0
57,1,11-04-16-Friday,54,09-24-16-Saturday,13,1.0
57,1,11-05-16-Saturday,55,09-13-16-Tuesday,2,1.0
57,1,11-05-16-Saturday,55,09-14-16-Wednesday,3,1.0
57,1,11-05-16-Saturday,55,09-15-16-Thursday,4,1.0
57,1,11-05-16-Saturday,55,09-16-16-Friday,5,1.0
57,1,11-05-16-Saturday,55,09-17-16-Saturday,6,1.0
57,1,11-05-16-Saturday,55,09-18-16-Sunday,7,1.0
57,1,11-05-16-Saturday,55,09-19-16-Monday,8,1.0
57,1,11-05-16-Saturday,55,09-20-16-Tuesday,9,1.0
57,1,11-05-16-Saturday,55,09-21-16-Wednesday,10,1.0
57,1,11-05-16-Saturday,55,09-22-16-Thursday,11,1.0
57,1,11-05-16-Saturday,55,09-24-16-Saturday,13,1.0
57,1,11-06-16-Sunday,56,11-06-16-Sunday,56,1.0
57,12,11-06-16-Sunday,56,11-06-16-Sunday,56,1.0
57,14,11-06-16-Sunday,56,11-06-16-Sunday,56,1.0
57,17,11-06-16-Sunday,56,11-06-16-Sunday,56,1.0
57,25,11-06-16-Sunday,56,11-06-16-Sunday,56,1.0
57,26,11-06-16-Sunday,56,11-06-16-Sunday,56,1.0
57,27,11-06-16-Sunday,56,11-06-16-Sunday,56,1.0
57,29,11-06-16-Sunday,56,11-06-16-Sunday,56,1.0
57,30,11-06-16-Sunday,56,11-06-16-Sunday,56,1.0
57,35,11-06-16-Sunday,56,11-06-16-Sunday,56,1.0
57,40,11-06-16-Sunday,56,11-06-16-Sunday,56,1.0
57,1,11-07-16-Monday,57,09-13-16-Tuesday,2,1.0
57,1,11-07-16-Monday,57,09-14-16-Wednesday,3,1.0
57,1,11-07-16-Monday,57,09-15-16-Thursday,4,1.0
57,1,11-07-16-Monday,57,09-16-16-Friday,5,1.0
57,1,11-07-16-Monday,57,09-17-16-Saturday,6,1.0
57,1,11-07-16-Monday,57,09-18-16-Sunday,7,1.0
57,1,11-07-16-Monday,57,09-19-16-Monday,8,1.0
57,1,11-07-16-Monday,57,09-20-16-Tuesday,9,1.0
57,1,11-07-16-Monday,57,09-21-16-Wednesday,10,1.0
57,1,11-07-16-Monday,57,09-22-16-Thursday,11,1.0
57,1,11-07-16-Monday,57,09-24-16-Saturday,13,1.0
57,1,11-08-16-Tuesday,58,09-13-16-Tuesday,2,1.0
57,1,11-08-16-Tuesday,58,09-14-16-Wednesday,3,1.0
57,1,11-08-16-Tuesday,58,09-15-16-Thursday,4,1.0
57,1,11-08-16-Tuesday,58,09-16-16-Friday,5,1.0
57,1,11-08-16-Tuesday,58,09-17-16-Saturday,6,1.0
57,1,11-08-16-Tuesday,58,09-18-16-Sunday,7,1.0
57,1,11-08-16-Tuesday,58,09-19-16-Monday,8,1.0
57,1,11-08-16-Tuesday,58,09-20-16-Tuesday,9,1.0
57,1,11-08-16-Tuesday,58,09-21-16-Wednesday,10,1.0
57,1,11-08-16-Tuesday,58,09-22-16-Thursday,11,1.0
57,1,11-08-16-Tuesday,58,09-24-16-Saturday,13,1.0
57,1,11-09-16-Wednesday,59,09-13-16-Tuesday,2,1.0
57,1,11-09-16-Wednesday,59,09-14-16-Wednesday,3,1.0
57,1,11-09-16-Wednesday,59,09-15-16-Thursday,4,1.0
57,1,11-09-16-Wednesday,59,09-16-16-Friday,5,1.0
57,1,11-09-16-Wednesday,59,09-17-16-Saturday,6,1.0
57,1,11-09-16-Wednesday,59,09-18-16-Sunday,7,1.0
57,1,11-09-16-Wednesday,59,09-19-16-Monday,8,1.0
57,1,11-09-16-Wednesday,59,09-20-16-Tuesday,9,1.0
57,1,11-09-16-Wednesday,59,09-21-16-Wednesday,10,1.0
57,1,11-09-16-Wednesday,59,09-22-16-Thursday,11,1.0
57,1,11-09-16-Wednesday,59,09-24-16-Saturday,13,1.0
57,1,11-10-16-Thursday,60,09-13-16-Tuesday,2,1.0
57,1,11-10-16-Thursday,60,09-14-16-Wednesday,3,1.0
57,1,11-10-16-Thursday,60,09-15-16-Thursday,4,1.0
57,1,11-10-16-Thursday,60,09-16-16-Friday,5,1.0
57,1,11-10-16-Thursday,60,09-17-16-Saturday,6,1.0
57,1,11-10-16-Thursday,60,09-18-16-Sunday,7,1.0
57,1,11-10-16-Thursday,60,09-19-16-Monday,8,1.0
57,1,11-10-16-Thursday,60,09-20-16-Tuesday,9,1.0
57,1,11-10-16-Thursday,60,09-21-16-Wednesday,10,1.0
57,1,11-10-16-Thursday,60,09-22-16-Thursday,11,1.0
57,1,11-10-16-Thursday,60,09-24-16-Saturday,13,1.0
57,1,11-11-16-Friday,61,09-13-16-Tuesday,2,1.0
57,1,11-11-16-Friday,61,09-14-16-Wednesday,3,1.0
57,1,11-11-16-Friday,61,09-15-16-Thursday,4,1.0
57,1,11-11-16-Friday,61,09-16-16-Friday,5,1.0
57,1,11-11-16-Friday,61,09-17-16-Saturday,6,1.0
57,1,11-11-16-Friday,61,09-18-16-Sunday,7,1.0
57,1,11-11-16-Friday,61,09-19-16-Monday,8,1.0
57,1,11-11-16-Friday,61,09-20-16-Tuesday,9,1.0
57,1,11-11-16-Friday,61,09-21-16-Wednesday,10,1.0
57,1,11-11-16-Friday,61,09-22-16-Thursday,11,1.0
57,1,11-11-16-Friday,61,09-24-16-Saturday,13,1.0
57,1,11-12-16-Saturday,62,09-13-16-Tuesday,2,1.0
57,1,11-12-16-Saturday,62,09-14-16-Wednesday,3,1.0
57,1,11-12-16-Saturday,62,09-15-16-Thursday,4,1.0
57,1,11-12-16-Saturday,62,09-16-16-Friday,5,1.0
57,1,11-12-16-Saturday,62,09-17-16-Saturday,6,1.0
57,1,11-12-16-Saturday,62,09-18-16-Sunday,7,1.0
57,1,11-12-16-Saturday,62,09-19-16-Monday,8,1.0
57,1,11-12-16-Saturday,62,09-20-16-Tuesday,9,1.0
57,1,11-12-16-Saturday,62,09-21-16-Wednesday,10,1.0
57,1,11-12-16-Saturday,62,09-22-16-Thursday,11,1.0
57,1,11-12-16-Saturday,62,09-24-16-Saturday,13,1.0
57,1,11-13-16-Sunday,63,09-13-16-Tuesday,2,1.0
57,1,11-13-16-Sunday,63,09-14-16-Wednesday,3,1.0
57,1,11-13-16-Sunday,63,09-15-16-Thursday,4,1.0
57,1,11-13-16-Sunday,63,09-16-16-Friday,5,1.0
57,1,11-13-16-Sunday,63,09-17-16-Saturday,6,1.0
57,1,11-13-16-Sunday,63,09-18-16-Sunday,7,1.0
57,1,11-13-16-Sunday,63,09-19-16-Monday,8,1.0
57,1,11-13-16-Sunday,63,09-20-16-Tuesday,9,1.0
57,1,11-13-16-Sunday,63,09-21-16-Wednesday,10,1.0
57,1,11-13-16-Sunday,63,09-22-16-Thursday,11,1.0
57,1,11-13-16-Sunday,63,09-24-16-Saturday,13,1.0
57,1,11-14-16-Monday,64,09-13-16-Tuesday,2,1.0
57,1,11-14-16-Monday,64,09-14-16-Wednesday,3,1.0
57,1,11-14-16-Monday,64,09-15-16-Thursday,4,1.0
57,1,11-14-16-Monday,64,09-16-16-Friday,5,1.0
57,1,11-14-16-Monday,64,09-17-16-Saturday,6,1.0
57,1,11-14-16-Monday,64,09-18-16-Sunday,7,1.0
57,1,11-14-16-Monday,64,09-19-16-Monday,8,1.0
57,1,11-14-16-Monday,64,09-20-16-Tuesday,9,1.0
57,1,11-14-16-Monday,64,09-21-16-Wednesday,10,1.0
57,1,11-14-16-Monday,64,09-22-16-Thursday,11,1.0
57,1,11-14-16-Monday,64,09-24-16-Saturday,13,1.0
57,1,11-15-16-Tuesday,65,09-13-16-Tuesday,2,1.0
57,1,11-15-16-Tuesday,65,09-14-16-Wednesday,3,1.0
57,1,11-15-16-Tuesday,65,09-15-16-Thursday,4,1.0
57,1,11-15-16-Tuesday,65,09-16-16-Friday,5,1.0
57,1,11-15-16-Tuesday,65,09-17-16-Saturday,6,1.0
57,1,11-15-16-Tuesday,65,09-18-16-Sunday,7,1.0
57,1,11-15-16-Tuesday,65,09-19-16-Monday,8,1.0
57,1,11-15-16-Tuesday,65,09-20-16-Tuesday,9,1.0
57,1,11-15-16-Tuesday,65,09-21-16-Wednesday,10,1.0
57,1,11-15-16-Tuesday,65,09-22-16-Thursday,11,1.0
57,1,11-15-16-Tuesday,65,09-24-16-Saturday,13,1.0
57,1,11-16-16-Wednesday,66,09-13-16-Tuesday,2,1.0
57,1,11-16-16-Wednesday,66,09-14-16-Wednesday,3,1.0
57,1,11-16-16-Wednesday,66,09-15-16-Thursday,4,1.0
57,1,11-16-16-Wednesday,66,09-16-16-Friday,5,1.0
57,1,11-16-16-Wednesday,66,09-17-16-Saturday,6,1.0
57,1,11-16-16-Wednesday,66,09-18-16-Sunday,7,1.0
57,1,11-16-16-Wednesday,66,09-19-16-Monday,8,1.0
57,1,11-16-16-Wednesday,66,09-20-16-Tuesday,9,1.0
57,1,11-16-16-Wednesday,66,09-21-16-Wednesday,10,1.0
57,1,11-16-16-Wednesday,66,09-22-16-Thursday,11,1.0
57,1,11-16-16-Wednesday,66,09-24-16-Saturday,13,1.0
57,1,11-17-16-Thursday,67,09-13-16-Tuesday,2,1.0
57,1,11-17-16-Thursday,67,09-14-16-Wednesday,3,1.0
57,1,11-17-16-Thursday,67,09-15-16-Thursday,4,1.0
57,1,11-17-16-Thursday,67,09-16-16-Friday,5,1.0
57,1,11-17-16-Thursday,67,09-17-16-Saturday,6,1.0
57,1,11-17-16-Thursday,67,09-18-16-Sunday,7,1.0
57,1,11-17-16-Thursday,67,09-19-16-Monday,8,1.0
57,1,11-17-16-Thursday,67,09-20-16-Tuesday,9,1.0
57,1,11-17-16-Thursday,67,09-21-16-Wednesday,10,1.0
57,1,11-17-16-Thursday,67,09-22-16-Thursday,11,1.0
57,1,11-17-16-Thursday,67,09-24-16-Saturday,13,1.0
57,1,11-18-16-Friday,68,09-13-16-Tuesday,2,1.0
57,1,11-18-16-Friday,68,09-14-16-Wednesday,3,1.0
57,1,11-18-16-Friday,68,09-15-16-Thursday,4,1.0
57,1,11-18-16-Friday,68,09-16-16-Friday,5,1.0
57,1,11-18-16-Friday,68,09-17-16-Saturday,6,1.0
57,1,11-18-16-Friday,68,09-18-16-Sunday,7,1.0
57,1,11-18-16-Friday,68,09-19-16-Monday,8,1.0
57,1,11-18-16-Friday,68,09-20-16-Tuesday,9,1.0
57,1,11-18-16-Friday,68,09-21-16-Wednesday,10,1.0
57,1,11-18-16-Friday,68,09-22-16-Thursday,11,1.0
57,1,11-18-16-Friday,68,09-24-16-Saturday,13,1.0
57,1,11-19-16-Saturday,69,09-13-16-Tuesday,2,1.0
57,1,11-19-16-Saturday,69,09-14-16-Wednesday,3,1.0
57,1,11-19-16-Saturday,69,09-15-16-Thursday,4,1.0
57,1,11-19-16-Saturday,69,09-16-16-Friday,5,1.0
57,1,11-19-16-Saturday,69,09-17-16-Saturday,6,1.0
57,1,11-19-16-Saturday,69,09-18-16-Sunday,7,1.0
57,1,11-19-16-Saturday,69,09-19-16-Monday,8,1.0
57,1,11-19-16-Saturday,69,09-20-16-Tuesday,9,1.0
57,1,11-19-16-Saturday,69,09-21-16-Wednesday,10,1.0
57,1,11-19-16-Saturday,69,09-22-16-Thursday,11,1.0
57,1,11-19-16-Saturday,69,09-24-16-Saturday,13,1.0
57,1,11-20-16-Sunday,70,09-13-16-Tuesday,2,1.0
57,1,11-20-16-Sunday,70,09-14-16-Wednesday,3,1.0
57,1,11-20-16-Sunday,70,09-15-16-Thursday,4,1.0
57,1,11-20-16-Sunday,70,09-16-16-Friday,5,1.0
57,1,11-20-16-Sunday,70,09-17-16-Saturday,6,1.0
57,1,11-20-16-Sunday,70,09-18-16-Sunday,7,1.0
57,1,11-20-16-Sunday,70,09-19-16-Monday,8,1.0
57,1,11-20-16-Sunday,70,09-20-16-Tuesday,9,1.0
57,1,11-20-16-Sunday,70,09-21-16-Wednesday,10,1.0
57,1,11-20-16-Sunday,70,09-22-16-Thursday,11,1.0
57,1,11-20-16-Sunday,70,09-24-16-Saturday,13,1.0
57,1,11-21-16-Monday,71,09-13-16-Tuesday,2,1.0
57,1,11-21-16-Monday,71,09-14-16-Wednesday,3,1.0
57,1,11-21-16-Monday,71,09-15-16-Thursday,4,1.0
57,1,11-21-16-Monday,71,09-16-16-Friday,5,1.0
57,1,11-21-16-Monday,71,09-17-16-Saturday,6,1.0
57,1,11-21-16-Monday,71,09-18-16-Sunday,7,1.0
57,1,11-21-16-Monday,71,09-19-16-Monday,8,1.0
57,1,11-21-16-Monday,71,09-20-16-Tuesday,9,1.0
57,1,11-21-16-Monday,71,09-21-16-Wednesday,10,1.0
57,1,11-21-16-Monday,71,09-22-16-Thursday,11,1.0
57,1,11-21-16-Monday,71,09-24-16-Saturday,13,1.0
57,1,11-22-16-Tuesday,72,09-13-16-Tuesday,2,1.0
57,1,11-22-16-Tuesday,72,09-14-16-Wednesday,3,1.0
57,1,11-22-16-Tuesday,72,09-15-16-Thursday,4,1.0
57,1,11-22-16-Tuesday,72,09-16-16-Friday,5,1.0
57,1,11-22-16-Tuesday,72,09-17-16-Saturday,6,1.0
57,1,11-22-16-Tuesday,72,09-18-16-Sunday,7,1.0
57,1,11-22-16-Tuesday,72,09-19-16-Monday,8,1.0
57,1,11-22-16-Tuesday,72,09-20-16-Tuesday,9,1.0
57,1,11-22-16-Tuesday,72,09-21-16-Wednesday,10,1.0
57,1,11-22-16-Tuesday,72,09-22-16-Thursday,11,1.0
57,1,11-22-16-Tuesday,72,09-24-16-Saturday,13,1.0
57,1,11-23-16-Wednesday,73,09-13-16-Tuesday,2,1.0
57,1,11-23-16-Wednesday,73,09-14-16-Wednesday,3,1.0
57,1,11-23-16-Wednesday,73,09-15-16-Thursday,4,1.0
57,1,11-23-16-Wednesday,73,09-16-16-Friday,5,1.0
57,1,11-23-16-Wednesday,73,09-17-16-Saturday,6,1.0
57,1,11-23-16-Wednesday,73,09-18-16-Sunday,7,1.0
57,1,11-23-16-Wednesday,73,09-19-16-Monday,8,1.0
57,1,11-23-16-Wednesday,73,09-20-16-Tuesday,9,1.0
57,1,11-23-16-Wednesday,73,09-21-16-Wednesday,10,1.0
57,1,11-23-16-Wednesday,73,09-22-16-Thursday,11,1.0
57,1,11-23-16-Wednesday,73,09-24-16-Saturday,13,1.0
57,1,11-24-16-Thursday,74,09-13-16-Tuesday,2,1.0
57,1,11-24-16-Thursday,74,09-14-16-Wednesday,3,1.0
57,1,11-24-16-Thursday,74,09-15-16-Thursday,4,1.0
57,1,11-24-16-Thursday,74,09-16-16-Friday,5,1.0
57,1,11-24-16-Thursday,74,09-17-16-Saturday,6,1.0
57,1,11-24-16-Thursday,74,09-18-16-Sunday,7,1.0
57,1,11-24-16-Thursday,74,09-19-16-Monday,8,1.0
57,1,11-24-16-Thursday,74,09-20-16-Tuesday,9,1.0
57,1,11-24-16-Thursday,74,09-21-16-Wednesday,10,1.0
57,1,11-24-16-Thursday,74,09-22-16-Thursday,11,1.0
57,1,11-24-16-Thursday,74,09-24-16-Saturday,13,1.0
57,1,11-25-16-Friday,75,09-13-16-Tuesday,2,1.0
57,1,11-25-16-Friday,75,09-14-16-Wednesday,3,1.0
57,1,11-25-16-Friday,75,09-15-16-Thursday,4,1.0
57,1,11-25-16-Friday,75,09-16-16-Friday,5,1.0
57,1,11-25-16-Friday,75,09-17-16-Saturday,6,1.0
57,1,11-25-16-Friday,75,09-18-16-Sunday,7,1.0
57,1,11-25-16-Friday,75,09-19-16-Monday,8,1.0
57,1,11-25-16-Friday,75,09-20-16-Tuesday,9,1.0
57,1,11-25-16-Friday,75,09-21-16-Wednesday,10,1.0
57,1,11-25-16-Friday,75,09-22-16-Thursday,11,1.0
57,1,11-25-16-Friday,75,09-24-16-Saturday,13,1.0
57,1,11-26-16-Saturday,76,09-13-16-Tuesday,2,1.0
57,1,11-26-16-Saturday,76,09-14-16-Wednesday,3,1.0
57,1,11-26-16-Saturday,76,09-15-16-Thursday,4,1.0
57,1,11-26-16-Saturday,76,09-16-16-Friday,5,1.0
57,1,11-26-16-Saturday,76,09-17-16-Saturday,6,1.0
57,1,11-26-16-Saturday,76,09-18-16-Sunday,7,1.0
57,1,11-26-16-Saturday,76,09-19-16-Monday,8,1.0
57,1,11-26-16-Saturday,76,09-20-16-Tuesday,9,1.0
57,1,11-26-16-Saturday,76,09-21-16-Wednesday,10,1.0
57,1,11-26-16-Saturday,76,09-22-16-Thursday,11,1.0
57,1,11-26-16-Saturday,76,09-24-16-Saturday,13,1.0
57,1,11-27-16-Sunday,77,09-13-16-Tuesday,2,1.0
57,1,11-27-16-Sunday,77,09-14-16-Wednesday,3,1.0
57,1,11-27-16-Sunday,77,09-15-16-Thursday,4,1.0
57,1,11-27-16-Sunday,77,09-16-16-Friday,5,1.0
57,1,11-27-16-Sunday,77,09-17-16-Saturday,6,1.0
57,1,11-27-16-Sunday,77,09-18-16-Sunday,7,1.0
57,1,11-27-16-Sunday,77,09-19-16-Monday,8,1.0
57,1,11-27-16-Sunday,77,09-20-16-Tuesday,9,1.0
57,1,11-27-16-Sunday,77,09-21-16-Wednesday,10,1.0
57,1,11-27-16-Sunday,77,09-22-16-Thursday,11,1.0
57,1,11-27-16-Sunday,77,09-24-16-Saturday,13,1.0
57,1,11-28-16-Monday,78,09-13-16-Tuesday,2,1.0
57,1,11-28-16-Monday,78,09-14-16-Wednesday,3,1.0
57,1,11-28-16-Monday,78,09-15-16-Thursday,4,1.0
57,1,11-28-16-Monday,78,09-16-16-Friday,5,1.0
57,1,11-28-16-Monday,78,09-17-16-Saturday,6,1.0
57,1,11-28-16-Monday,78,09-18-16-Sunday,7,1.0
57,1,11-28-16-Monday,78,09-19-16-Monday,8,1.0
57,1,11-28-16-Monday,78,09-20-16-Tuesday,9,1.0
57,1,11-28-16-Monday,78,09-21-16-Wednesday,10,1.0
57,1,11-28-16-Monday,78,09-22-16-Thursday,11,1.0
57,1,11-28-16-Monday,78,09-24-16-Saturday,13,1.0
57,1,11-29-16-Tuesday,79,09-13-16-Tuesday,2,1.0
57,1,11-29-16-Tuesday,79,09-14-16-Wednesday,3,1.0
57,1,11-29-16-Tuesday,79,09-15-16-Thursday,4,1.0
57,1,11-29-16-Tuesday,79,09-16-16-Friday,5,1.0
57,1,11-29-16-Tuesday,79,09-17-16-Saturday,6,1.0
57,1,11-29-16-Tuesday,79,09-18-16-Sunday,7,1.0
57,1,11-29-16-Tuesday,79,09-19-16-Monday,8,1.0
57,1,11-29-16-Tuesday,79,09-20-16-Tuesday,9,1.0
57,1,11-29-16-Tuesday,79,09-21-16-Wednesday,10,1.0
57,1,11-29-16-Tuesday,79,09-22-16-Thursday,11,1.0
57,1,11-29-16-Tuesday,79,09-24-16-Saturday,13,1.0
57,1,11-30-16-Wednesday,80,09-13-16-Tuesday,2,1.0
57,1,11-30-16-Wednesday,80,09-14-16-Wednesday,3,1.0
57,1,11-30-16-Wednesday,80,09-15-16-Thursday,4,1.0
57,1,11-30-16-Wednesday,80,09-16-16-Friday,5,1.0
57,1,11-30-16-Wednesday,80,09-17-16-Saturday,6,1.0
57,1,11-30-16-Wednesday,80,09-18-16-Sunday,7,1.0
57,1,11-30-16-Wednesday,80,09-19-16-Monday,8,1.0
57,1,11-30-16-Wednesday,80,09-20-16-Tuesday,9,1.0
57,1,11-30-16-Wednesday,80,09-21-16-Wednesday,10,1.0
57,1,11-30-16-Wednesday,80,09-22-16-Thursday,11,1.0
57,1,11-30-16-Wednesday,80,09-24-16-Saturday,13,1.0
57,1,12-01-16-Thursday,81,09-13-16-Tuesday,2,1.0
57,1,12-01-16-Thursday,81,09-14-16-Wednesday,3,1.0
57,1,12-01-16-Thursday,81,09-15-16-Thursday,4,1.0
57,1,12-01-16-Thursday,81,09-16-16-Friday,5,1.0
57,1,12-01-16-Thursday,81,09-17-16-Saturday,6,1.0
57,1,12-01-16-Thursday,81,09-18-16-Sunday,7,1.0
57,1,12-01-16-Thursday,81,09-19-16-Monday,8,1.0
57,1,12-01-16-Thursday,81,09-20-16-Tuesday,9,1.0
57,1,12-01-16-Thursday,81,09-21-16-Wednesday,10,1.0
57,1,12-01-16-Thursday,81,09-22-16-Thursday,11,1.0
57,1,12-01-16-Thursday,81,09-24-16-Saturday,13,1.0
57,1,12-02-16-Friday,82,09-13-16-Tuesday,2,1.0
57,1,12-02-16-Friday,82,09-14-16-Wednesday,3,1.0
57,1,12-02-16-Friday,82,09-15-16-Thursday,4,1.0
57,1,12-02-16-Friday,82,09-16-16-Friday,5,1.0
57,1,12-02-16-Friday,82,09-17-16-Saturday,6,1.0
57,1,12-02-16-Friday,82,09-18-16-Sunday,7,1.0
57,1,12-02-16-Friday,82,09-19-16-Monday,8,1.0
57,1,12-02-16-Friday,82,09-20-16-Tuesday,9,1.0
57,1,12-02-16-Friday,82,09-21-16-Wednesday,10,1.0
57,1,12-02-16-Friday,82,09-22-16-Thursday,11,1.0
57,1,12-02-16-Friday,82,09-24-16-Saturday,13,1.0
57,1,12-03-16-Saturday,83,09-13-16-Tuesday,2,1.0
57,1,12-03-16-Saturday,83,09-14-16-Wednesday,3,1.0
57,1,12-03-16-Saturday,83,09-15-16-Thursday,4,1.0
57,1,12-03-16-Saturday,83,09-16-16-Friday,5,1.0
57,1,12-03-16-Saturday,83,09-17-16-Saturday,6,1.0
57,1,12-03-16-Saturday,83,09-18-16-Sunday,7,1.0
57,1,12-03-16-Saturday,83,09-19-16-Monday,8,1.0
57,1,12-03-16-Saturday,83,09-20-16-Tuesday,9,1.0
57,1,12-03-16-Saturday,83,09-21-16-Wednesday,10,1.0
57,1,12-03-16-Saturday,83,09-22-16-Thursday,11,1.0
57,1,12-03-16-Saturday,83,09-24-16-Saturday,13,1.0
57,1,12-04-16-Sunday,84,09-13-16-Tuesday,2,1.0
57,1,12-04-16-Sunday,84,09-14-16-Wednesday,3,1.0
57,1,12-04-16-Sunday,84,09-15-16-Thursday,4,1.0
57,1,12-04-16-Sunday,84,09-16-16-Friday,5,1.0
57,1,12-04-16-Sunday,84,09-17-16-Saturday,6,1.0
57,1,12-04-16-Sunday,84,09-18-16-Sunday,7,1.0
57,1,12-04-16-Sunday,84,09-19-16-Monday,8,1.0
57,1,12-04-16-Sunday,84,09-20-16-Tuesday,9,1.0
57,1,12-04-16-Sunday,84,09-21-16-Wednesday,10,1.0
57,1,12-04-16-Sunday,84,09-22-16-Thursday,11,1.0
57,1,12-04-16-Sunday,84,09-24-16-Saturday,13,1.0
57,1,12-05-16-Monday,85,09-13-16-Tuesday,2,1.0
57,1,12-05-16-Monday,85,09-14-16-Wednesday,3,1.0
57,1,12-05-16-Monday,85,09-15-16-Thursday,4,1.0
57,1,12-05-16-Monday,85,09-16-16-Friday,5,1.0
57,1,12-05-16-Monday,85,09-17-16-Saturday,6,1.0
57,1,12-05-16-Monday,85,09-18-16-Sunday,7,1.0
57,1,12-05-16-Monday,85,09-19-16-Monday,8,1.0
57,1,12-05-16-Monday,85,09-20-16-Tuesday,9,1.0
57,1,12-05-16-Monday,85,09-21-16-Wednesday,10,1.0
57,1,12-05-16-Monday,85,09-22-16-Thursday,11,1.0
57,1,12-05-16-Monday,85,09-24-16-Saturday,13,1.0
57,1,12-06-16-Tuesday,86,09-13-16-Tuesday,2,1.0
57,1,12-06-16-Tuesday,86,09-14-16-Wednesday,3,1.0
57,1,12-06-16-Tuesday,86,09-15-16-Thursday,4,1.0
57,1,12-06-16-Tuesday,86,09-16-16-Friday,5,1.0
57,1,12-06-16-Tuesday,86,09-17-16-Saturday,6,1.0
57,1,12-06-16-Tuesday,86,09-18-16-Sunday,7,1.0
57,1,12-06-16-Tuesday,86,09-19-16-Monday,8,1.0
57,1,12-06-16-Tuesday,86,09-20-16-Tuesday,9,1.0
57,1,12-06-16-Tuesday,86,09-21-16-Wednesday,10,1.0
57,1,12-06-16-Tuesday,86,09-22-16-Thursday,11,1.0
57,1,12-06-16-Tuesday,86,09-24-16-Saturday,13,1.0
57,1,12-07-16-Wednesday,87,09-13-16-Tuesday,2,1.0
57,1,12-07-16-Wednesday,87,09-14-16-Wednesday,3,1.0
57,1,12-07-16-Wednesday,87,09-15-16-Thursday,4,1.0
57,1,12-07-16-Wednesday,87,09-16-16-Friday,5,1.0
57,1,12-07-16-Wednesday,87,09-17-16-Saturday,6,1.0
57,1,12-07-16-Wednesday,87,09-18-16-Sunday,7,1.0
57,1,12-07-16-Wednesday,87,09-19-16-Monday,8,1.0
57,1,12-07-16-Wednesday,87,09-20-16-Tuesday,9,1.0
57,1,12-07-16-Wednesday,87,09-21-16-Wednesday,10,1.0
57,1,12-07-16-Wednesday,87,09-22-16-Thursday,11,1.0
57,1,12-07-16-Wednesday,87,09-24-16-Saturday,13,1.0
57,1,12-08-16-Thursday,88,09-13-16-Tuesday,2,1.0
57,1,12-08-16-Thursday,88,09-14-16-Wednesday,3,1.0
57,1,12-08-16-Thursday,88,09-15-16-Thursday,4,1.0
57,1,12-08-16-Thursday,88,09-16-16-Friday,5,1.0
57,1,12-08-16-Thursday,88,09-17-16-Saturday,6,1.0
57,1,12-08-16-Thursday,88,09-18-16-Sunday,7,1.0
57,1,12-08-16-Thursday,88,09-19-16-Monday,8,1.0
57,1,12-08-16-Thursday,88,09-20-16-Tuesday,9,1.0
57,1,12-08-16-Thursday,88,09-21-16-Wednesday,10,1.0
57,1,12-08-16-Thursday,88,09-22-16-Thursday,11,1.0
57,1,12-08-16-Thursday,88,09-24-16-Saturday,13,1.0
57,1,12-09-16-Friday,89,09-13-16-Tuesday,2,1.0
57,1,12-09-16-Friday,89,09-14-16-Wednesday,3,1.0
57,1,12-09-16-Friday,89,09-15-16-Thursday,4,1.0
57,1,12-09-16-Friday,89,09-16-16-Friday,5,1.0
57,1,12-09-16-Friday,89,09-17-16-Saturday,6,1.0
57,1,12-09-16-Friday,89,09-18-16-Sunday,7,1.0
57,1,12-09-16-Friday,89,09-19-16-Monday,8,1.0
57,1,12-09-16-Friday,89,09-20-16-Tuesday,9,1.0
57,1,12-09-16-Friday,89,09-21-16-Wednesday,10,1.0
57,1,12-09-16-Friday,89,09-22-16-Thursday,11,1.0
57,1,12-09-16-Friday,89,09-24-16-Saturday,13,1.0
57,1,12-10-16-Saturday,90,09-13-16-Tuesday,2,1.0
57,1,12-10-16-Saturday,90,09-14-16-Wednesday,3,1.0
57,1,12-10-16-Saturday,90,09-15-16-Thursday,4,1.0
57,1,12-10-16-Saturday,90,09-16-16-Friday,5,1.0
57,1,12-10-16-Saturday,90,09-17-16-Saturday,6,1.0
57,1,12-10-16-Saturday,90,09-18-16-Sunday,7,1.0
57,1,12-10-16-Saturday,90,09-19-16-Monday,8,1.0
57,1,12-10-16-Saturday,90,09-20-16-Tuesday,9,1.0
57,1,12-10-16-Saturday,90,09-21-16-Wednesday,10,1.0
57,1,12-10-16-Saturday,90,09-22-16-Thursday,11,1.0
57,1,12-10-16-Saturday,90,09-24-16-Saturday,13,1.0
57,1,12-11-16-Sunday,91,09-13-16-Tuesday,2,1.0
57,1,12-11-16-Sunday,91,09-14-16-Wednesday,3,1.0
57,1,12-11-16-Sunday,91,09-15-16-Thursday,4,1.0
57,1,12-11-16-Sunday,91,09-16-16-Friday,5,1.0
57,1,12-11-16-Sunday,91,09-17-16-Saturday,6,1.0
57,1,12-11-16-Sunday,91,09-18-16-Sunday,7,1.0
57,1,12-11-16-Sunday,91,09-19-16-Monday,8,1.0
57,1,12-11-16-Sunday,91,09-20-16-Tuesday,9,1.0
57,1,12-11-16-Sunday,91,09-21-16-Wednesday,10,1.0
57,1,12-11-16-Sunday,91,09-22-16-Thursday,11,1.0
57,1,12-11-16-Sunday,91,09-24-16-Saturday,13,1.0
57,1,12-12-16-Monday,92,09-13-16-Tuesday,2,1.0
57,1,12-12-16-Monday,92,09-14-16-Wednesday,3,1.0
57,1,12-12-16-Monday,92,09-15-16-Thursday,4,1.0
57,1,12-12-16-Monday,92,09-16-16-Friday,5,1.0
57,1,12-12-16-Monday,92,09-17-16-Saturday,6,1.0
57,1,12-12-16-Monday,92,09-18-16-Sunday,7,1.0
57,1,12-12-16-Monday,92,09-19-16-Monday,8,1.0
57,1,12-12-16-Monday,92,09-20-16-Tuesday,9,1.0
57,1,12-12-16-Monday,92,09-21-16-Wednesday,10,1.0
57,1,12-12-16-Monday,92,09-22-16-Thursday,11,1.0
57,1,12-12-16-Monday,92,09-24-16-Saturday,13,1.0
57,1,12-13-16-Tuesday,93,09-13-16-Tuesday,2,1.0
57,1,12-13-16-Tuesday,93,09-14-16-Wednesday,3,1.0
57,1,12-13-16-Tuesday,93,09-15-16-Thursday,4,1.0
57,1,12-13-16-Tuesday,93,09-16-16-Friday,5,1.0
57,1,12-13-16-Tuesday,93,09-17-16-Saturday,6,1.0
57,1,12-13-16-Tuesday,93,09-18-16-Sunday,7,1.0
57,1,12-13-16-Tuesday,93,09-19-16-Monday,8,1.0
57,1,12-13-16-Tuesday,93,09-20-16-Tuesday,9,1.0
57,1,12-13-16-Tuesday,93,09-21-16-Wednesday,10,1.0
57,1,12-13-16-Tuesday,93,09-22-16-Thursday,11,1.0
57,1,12-13-16-Tuesday,93,09-24-16-Saturday,13,1.0
57,1,12-14-16-Wednesday,94,09-13-16-Tuesday,2,1.0
57,1,12-14-16-Wednesday,94,09-14-16-Wednesday,3,1.0
57,1,12-14-16-Wednesday,94,09-15-16-Thursday,4,1.0
57,1,12-14-16-Wednesday,94,09-16-16-Friday,5,1.0
57,1,12-14-16-Wednesday,94,09-17-16-Saturday,6,1.0
57,1,12-14-16-Wednesday,94,09-18-16-Sunday,7,1.0
57,1,12-14-16-Wednesday,94,09-19-16-Monday,8,1.0
57,1,12-14-16-Wednesday,94,09-20-16-Tuesday,9,1.0
57,1,12-14-16-Wednesday,94,09-21-16-Wednesday,10,1.0
57,1,12-14-16-Wednesday,94,09-22-16-Thursday,11,1.0
57,1,12-14-16-Wednesday,94,09-24-16-Saturday,13,1.0
57,1,12-15-16-Thursday,95,09-13-16-Tuesday,2,1.0
57,1,12-15-16-Thursday,95,09-14-16-Wednesday,3,1.0
57,1,12-15-16-Thursday,95,09-15-16-Thursday,4,1.0
57,1,12-15-16-Thursday,95,09-16-16-Friday,5,1.0
57,1,12-15-16-Thursday,95,09-17-16-Saturday,6,1.0
57,1,12-15-16-Thursday,95,09-18-16-Sunday,7,1.0
57,1,12-15-16-Thursday,95,09-19-16-Monday,8,1.0
57,1,12-15-16-Thursday,95,09-20-16-Tuesday,9,1.0
57,1,12-15-16-Thursday,95,09-21-16-Wednesday,10,1.0
57,1,12-15-16-Thursday,95,09-22-16-Thursday,11,1.0
57,1,12-15-16-Thursday,95,09-24-16-Saturday,13,1.0
57,1,12-16-16-Friday,96,09-13-16-Tuesday,2,1.0
57,1,12-16-16-Friday,96,09-14-16-Wednesday,3,1.0
57,1,12-16-16-Friday,96,09-15-16-Thursday,4,1.0
57,1,12-16-16-Friday,96,09-16-16-Friday,5,1.0
57,1,12-16-16-Friday,96,09-17-16-Saturday,6,1.0
57,1,12-16-16-Friday,96,09-18-16-Sunday,7,1.0
57,1,12-16-16-Friday,96,09-19-16-Monday,8,1.0
57,1,12-16-16-Friday,96,09-20-16-Tuesday,9,1.0
57,1,12-16-16-Friday,96,09-21-16-Wednesday,10,1.0
57,1,12-16-16-Friday,96,09-22-16-Thursday,11,1.0
57,1,12-16-16-Friday,96,09-24-16-Saturday,13,1.0
57,1,12-17-16-Saturday,97,09-13-16-Tuesday,2,1.0
57,1,12-17-16-Saturday,97,09-14-16-Wednesday,3,1.0
57,1,12-17-16-Saturday,97,09-15-16-Thursday,4,1.0
57,1,12-17-16-Saturday,97,09-16-16-Friday,5,1.0
57,1,12-17-16-Saturday,97,09-17-16-Saturday,6,1.0
57,1,12-17-16-Saturday,97,09-18-16-Sunday,7,1.0
57,1,12-17-16-Saturday,97,09-19-16-Monday,8,1.0
57,1,12-17-16-Saturday,97,09-20-16-Tuesday,9,1.0
57,1,12-17-16-Saturday,97,09-21-16-Wednesday,10,1.0
57,1,12-17-16-Saturday,97,09-22-16-Thursday,11,1.0
57,1,12-17-16-Saturday,97,09-24-16-Saturday,13,1.0
57,1,12-18-16-Sunday,98,09-13-16-Tuesday,2,1.0
57,1,12-18-16-Sunday,98,09-14-16-Wednesday,3,1.0
57,1,12-18-16-Sunday,98,09-15-16-Thursday,4,1.0
57,1,12-18-16-Sunday,98,09-16-16-Friday,5,1.0
57,1,12-18-16-Sunday,98,09-17-16-Saturday,6,1.0
57,1,12-18-16-Sunday,98,09-18-16-Sunday,7,1.0
57,1,12-18-16-Sunday,98,09-19-16-Monday,8,1.0
57,1,12-18-16-Sunday,98,09-20-16-Tuesday,9,1.0
57,1,12-18-16-Sunday,98,09-21-16-Wednesday,10,1.0
57,1,12-18-16-Sunday,98,09-22-16-Thursday,11,1.0
57,1,12-18-16-Sunday,98,09-24-16-Saturday,13,1.0
57,1,12-19-16-Monday,99,09-13-16-Tuesday,2,1.0
57,1,12-19-16-Monday,99,09-14-16-Wednesday,3,1.0
57,1,12-19-16-Monday,99,09-15-16-Thursday,4,1.0
57,1,12-19-16-Monday,99,09-16-16-Friday,5,1.0
57,1,12-19-16-Monday,99,09-17-16-Saturday,6,1.0
57,1,12-19-16-Monday,99,09-18-16-Sunday,7,1.0
57,1,12-19-16-Monday,99,09-19-16-Monday,8,1.0
57,1,12-19-16-Monday,99,09-20-16-Tuesday,9,1.0
57,1,12-19-16-Monday,99,09-21-16-Wednesday,10,1.0
57,1,12-19-16-Monday,99,09-22-16-Thursday,11,1.0
57,1,12-19-16-Monday,99,09-24-16-Saturday,13,1.0
57,1,12-20-16-Tuesday,100,09-13-16-Tuesday,2,1.0
57,1,12-20-16-Tuesday,100,09-14-16-Wednesday,3,1.0
57,1,12-20-16-Tuesday,100,09-15-16-Thursday,4,1.0
57,1,12-20-16-Tuesday,100,09-16-16-Friday,5,1.0
57,1,12-20-16-Tuesday,100,09-17-16-Saturday,6,1.0
57,1,12-20-16-Tuesday,100,09-18-16-Sunday,7,1.0
57,1,12-20-16-Tuesday,100,09-19-16-Monday,8,1.0
57,1,12-20-16-Tuesday,100,09-20-16-Tuesday,9,1.0
57,1,12-20-16-Tuesday,100,09-21-16-Wednesday,10,1.0
57,1,12-20-16-Tuesday,100,09-22-16-Thursday,11,1.0
57,1,12-20-16-Tuesday,100,09-24-16-Saturday,13,1.0
57,1,12-21-16-Wednesday,101,09-13-16-Tuesday,2,1.0
57,1,12-21-16-Wednesday,101,09-14-16-Wednesday,3,1.0
57,1,12-21-16-Wednesday,101,09-15-16-Thursday,4,1.0
57,1,12-21-16-Wednesday,101,09-16-16-Friday,5,1.0
57,1,12-21-16-Wednesday,101,09-17-16-Saturday,6,1.0
57,1,12-21-16-Wednesday,101,09-18-16-Sunday,7,1.0
57,1,12-21-16-Wednesday,101,09-19-16-Monday,8,1.0
57,1,12-21-16-Wednesday,101,09-20-16-Tuesday,9,1.0
57,1,12-21-16-Wednesday,101,09-21-16-Wednesday,10,1.0
57,1,12-21-16-Wednesday,101,09-22-16-Thursday,11,1.0
57,1,12-21-16-Wednesday,101,09-24-16-Saturday,13,1.0
57,1,12-22-16-Thursday,102,09-13-16-Tuesday,2,1.0
57,1,12-22-16-Thursday,102,09-14-16-Wednesday,3,1.0
57,1,12-22-16-Thursday,102,09-15-16-Thursday,4,1.0
57,1,12-22-16-Thursday,102,09-16-16-Friday,5,1.0
57,1,12-22-16-Thursday,102,09-17-16-Saturday,6,1.0
57,1,12-22-16-Thursday,102,09-18-16-Sunday,7,1.0
57,1,12-22-16-Thursday,102,09-19-16-Monday,8,1.0
57,1,12-22-16-Thursday,102,09-20-16-Tuesday,9,1.0
57,1,12-22-16-Thursday,102,09-21-16-Wednesday,10,1.0
57,1,12-22-16-Thursday,102,09-22-16-Thursday,11,1.0
57,1,12-22-16-Thursday,102,09-24-16-Saturday,13,1.0
57,1,12-23-16-Friday,103,09-13-16-Tuesday,2,1.0
57,1,12-23-16-Friday,103,09-14-16-Wednesday,3,1.0
57,1,12-23-16-Friday,103,09-15-16-Thursday,4,1.0
57,1,12-23-16-Friday,103,09-16-16-Friday,5,1.0
57,1,12-23-16-Friday,103,09-17-16-Saturday,6,1.0
57,1,12-23-16-Friday,103,09-18-16-Sunday,7,1.0
57,1,12-23-16-Friday,103,09-19-16-Monday,8,1.0
57,1,12-23-16-Friday,103,09-20-16-Tuesday,9,1.0
57,1,12-23-16-Friday,103,09-21-16-Wednesday,10,1.0
57,1,12-23-16-Friday,103,09-22-16-Thursday,11,1.0
57,1,12-23-16-Friday,103,09-24-16-Saturday,13,1.0
57,1,12-24-16-Saturday,104,09-13-16-Tuesday,2,1.0
57,1,12-24-16-Saturday,104,09-14-16-Wednesday,3,1.0
57,1,12-24-16-Saturday,104,09-15-16-Thursday,4,1.0
57,1,12-24-16-Saturday,104,09-16-16-Friday,5,1.0
57,1,12-24-16-Saturday,104,09-17-16-Saturday,6,1.0
57,1,12-24-16-Saturday,104,09-18-16-Sunday,7,1.0
57,1,12-24-16-Saturday,104,09-19-16-Monday,8,1.0
57,1,12-24-16-Saturday,104,09-20-16-Tuesday,9,1.0
57,1,12-24-16-Saturday,104,09-21-16-Wednesday,10,1.0
57,1,12-24-16-Saturday,104,09-22-16-Thursday,11,1.0
57,1,12-24-16-Saturday,104,09-24-16-Saturday,13,1.0
57,1,12-25-16-Sunday,105,09-13-16-Tuesday,2,1.0
57,1,12-25-16-Sunday,105,09-14-16-Wednesday,3,1.0
57,1,12-25-16-Sunday,105,09-15-16-Thursday,4,1.0
57,1,12-25-16-Sunday,105,09-16-16-Friday,5,1.0
57,1,12-25-16-Sunday,105,09-17-16-Saturday,6,1.0
57,1,12-25-16-Sunday,105,09-18-16-Sunday,7,1.0
57,1,12-25-16-Sunday,105,09-19-16-Monday,8,1.0
57,1,12-25-16-Sunday,105,09-20-16-Tuesday,9,1.0
57,1,12-25-16-Sunday,105,09-21-16-Wednesday,10,1.0
57,1,12-25-16-Sunday,105,09-22-16-Thursday,11,1.0
57,1,12-25-16-Sunday,105,09-24-16-Saturday,13,1.0
57,1,12-26-16-Monday,106,09-13-16-Tuesday,2,1.0
57,1,12-26-16-Monday,106,09-14-16-Wednesday,3,1.0
57,1,12-26-16-Monday,106,09-15-16-Thursday,4,1.0
57,1,12-26-16-Monday,106,09-16-16-Friday,5,1.0
57,1,12-26-16-Monday,106,09-17-16-Saturday,6,1.0
57,1,12-26-16-Monday,106,09-18-16-Sunday,7,1.0
57,1,12-26-16-Monday,106,09-19-16-Monday,8,1.0
57,1,12-26-16-Monday,106,09-20-16-Tuesday,9,1.0
57,1,12-26-16-Monday,106,09-21-16-Wednesday,10,1.0
57,1,12-26-16-Monday,106,09-22-16-Thursday,11,1.0
57,1,12-26-16-Monday,106,09-24-16-Saturday,13,1.0
57,1,12-27-16-Tuesday,107,09-13-16-Tuesday,2,1.0
57,1,12-27-16-Tuesday,107,09-14-16-Wednesday,3,1.0
57,1,12-27-16-Tuesday,107,09-15-16-Thursday,4,1.0
57,1,12-27-16-Tuesday,107,09-16-16-Friday,5,1.0
57,1,12-27-16-Tuesday,107,09-17-16-Saturday,6,1.0
57,1,12-27-16-Tuesday,107,09-18-16-Sunday,7,1.0
57,1,12-27-16-Tuesday,107,09-19-16-Monday,8,1.0
57,1,12-27-16-Tuesday,107,09-20-16-Tuesday,9,1.0
57,1,12-27-16-Tuesday,107,09-21-16-Wednesday,10,1.0
57,1,12-27-16-Tuesday,107,09-22-16-Thursday,11,1.0
57,1,12-27-16-Tuesday,107,09-24-16-Saturday,13,1.0
57,1,12-28-16-Wednesday,108,09-13-16-Tuesday,2,1.0
57,1,12-28-16-Wednesday,108,09-14-16-Wednesday,3,1.0
57,1,12-28-16-Wednesday,108,09-15-16-Thursday,4,1.0
57,1,12-28-16-Wednesday,108,09-16-16-Friday,5,1.0
57,1,12-28-16-Wednesday,108,09-17-16-Saturday,6,1.0
57,1,12-28-16-Wednesday,108,09-18-16-Sunday,7,1.0
57,1,12-28-16-Wednesday,108,09-19-16-Monday,8,1.0
57,1,12-28-16-Wednesday,108,09-20-16-Tuesday,9,1.0
57,1,12-28-16-Wednesday,108,09-21-16-Wednesday,10,1.0
57,1,12-28-16-Wednesday,108,09-22-16-Thursday,11,1.0
57,1,12-28-16-Wednesday,108,09-24-16-Saturday,13,1.0
57,1,12-29-16-Thursday,109,09-13-16-Tuesday,2,1.0
57,1,12-29-16-Thursday,109,09-14-16-Wednesday,3,1.0
57,1,12-29-16-Thursday,109,09-15-16-Thursday,4,1.0
57,1,12-29-16-Thursday,109,09-16-16-Friday,5,1.0
57,1,12-29-16-Thursday,109,09-17-16-Saturday,6,1.0
57,1,12-29-16-Thursday,109,09-18-16-Sunday,7,1.0
57,1,12-29-16-Thursday,109,09-19-16-Monday,8,1.0
57,1,12-29-16-Thursday,109,09-20-16-Tuesday,9,1.0
57,1,12-29-16-Thursday,109,09-21-16-Wednesday,10,1.0
57,1,12-29-16-Thursday,109,09-22-16-Thursday,11,1.0
57,1,12-29-16-Thursday,109,09-24-16-Saturday,13,1.0
57,1,12-30-16-Friday,110,09-13-16-Tuesday,2,1.0
57,1,12-30-16-Friday,110,09-14-16-Wednesday,3,1.0
57,1,12-30-16-Friday,110,09-15-16-Thursday,4,1.0
57,1,12-30-16-Friday,110,09-16-16-Friday,5,1.0
57,1,12-30-16-Friday,110,09-17-16-Saturday,6,1.0
57,1,12-30-16-Friday,110,09-18-16-Sunday,7,1.0
57,1,12-30-16-Friday,110,09-19-16-Monday,8,1.0
57,1,12-30-16-Friday,110,09-20-16-Tuesday,9,1.0
57,1,12-30-16-Friday,110,09-21-16-Wednesday,10,1.0
57,1,12-30-16-Friday,110,09-22-16-Thursday,11,1.0
57,1,12-30-16-Friday,110,09-24-16-Saturday,13,1.0
57,1,12-31-16-Saturday,111,09-13-16-Tuesday,2,1.0
57,1,12-31-16-Saturday,111,09-14-16-Wednesday,3,1.0
57,1,12-31-16-Saturday,111,09-15-16-Thursday,4,1.0
57,1,12-31-16-Saturday,111,09-16-16-Friday,5,1.0
57,1,12-31-16-Saturday,111,09-17-16-Saturday,6,1.0
57,1,12-31-16-Saturday,111,09-18-16-Sunday,7,1.0
57,1,12-31-16-Saturday,111,09-19-16-Monday,8,1.0
57,1,12-31-16-Saturday,111,09-20-16-Tuesday,9,1.0
57,1,12-31-16-Saturday,111,09-21-16-Wednesday,10,1.0
57,1,12-31-16-Saturday,111,09-22-16-Thursday,11,1.0
57,1,12-31-16-Saturday,111,09-24-16-Saturday,13,1.0
57,1,01-01-17-Sunday,112,09-13-16-Tuesday,2,1.0
57,1,01-01-17-Sunday,112,09-14-16-Wednesday,3,1.0
57,1,01-01-17-Sunday,112,09-15-16-Thursday,4,1.0
57,1,01-01-17-Sunday,112,09-16-16-Friday,5,1.0
57,1,01-01-17-Sunday,112,09-17-16-Saturday,6,1.0
57,1,01-01-17-Sunday,112,09-18-16-Sunday,7,1.0
57,1,01-01-17-Sunday,112,09-19-16-Monday,8,1.0
57,1,01-01-17-Sunday,112,09-20-16-Tuesday,9,1.0
57,1,01-01-17-Sunday,112,09-21-16-Wednesday,10,1.0
57,1,01-01-17-Sunday,112,09-22-16-Thursday,11,1.0
57,1,01-01-17-Sunday,112,09-24-16-Saturday,13,1.0
57,1,01-02-17-Monday,113,09-13-16-Tuesday,2,1.0
57,1,01-02-17-Monday,113,09-14-16-Wednesday,3,1.0
57,1,01-02-17-Monday,113,09-15-16-Thursday,4,1.0
57,1,01-02-17-Monday,113,09-16-16-Friday,5,1.0
57,1,01-02-17-Monday,113,09-17-16-Saturday,6,1.0
57,1,01-02-17-Monday,113,09-18-16-Sunday,7,1.0
57,1,01-02-17-Monday,113,09-19-16-Monday,8,1.0
57,1,01-02-17-Monday,113,09-20-16-Tuesday,9,1.0
57,1,01-02-17-Monday,113,09-21-16-Wednesday,10,1.0
57,1,01-02-17-Monday,113,09-22-16-Thursday,11,1.0
57,1,01-02-17-Monday,113,09-24-16-Saturday,13,1.0
57,1,01-03-17-Tuesday,114,09-13-16-Tuesday,2,1.0
57,1,01-03-17-Tuesday,114,09-14-16-Wednesday,3,1.0
57,1,01-03-17-Tuesday,114,09-15-16-Thursday,4,1.0
57,1,01-03-17-Tuesday,114,09-16-16-Friday,5,1.0
57,1,01-03-17-Tuesday,114,09-17-16-Saturday,6,1.0
57,1,01-03-17-Tuesday,114,09-18-16-Sunday,7,1.0
57,1,01-03-17-Tuesday,114,09-19-16-Monday,8,1.0
57,1,01-03-17-Tuesday,114,09-20-16-Tuesday,9,1.0
57,1,01-03-17-Tuesday,114,09-21-16-Wednesday,10,1.0
57,1,01-03-17-Tuesday,114,09-22-16-Thursday,11,1.0
57,1,01-03-17-Tuesday,114,09-24-16-Saturday,13,1.0
57,1,01-04-17-Wednesday,115,09-13-16-Tuesday,2,1.0
57,1,01-04-17-Wednesday,115,09-14-16-Wednesday,3,1.0
57,1,01-04-17-Wednesday,115,09-15-16-Thursday,4,1.0
57,1,01-04-17-Wednesday,115,09-16-16-Friday,5,1.0
57,1,01-04-17-Wednesday,115,09-17-16-Saturday,6,1.0
57,1,01-04-17-Wednesday,115,09-18-16-Sunday,7,1.0
57,1,01-04-17-Wednesday,115,09-19-16-Monday,8,1.0
57,1,01-04-17-Wednesday,115,09-20-16-Tuesday,9,1.0
57,1,01-04-17-Wednesday,115,09-21-16-Wednesday,10,1.0
57,1,01-04-17-Wednesday,115,09-22-16-Thursday,11,1.0
57,1,01-04-17-Wednesday,115,09-24-16-Saturday,13,1.0
57,1,01-05-17-Thursday,116,09-13-16-Tuesday,2,1.0
57,1,01-05-17-Thursday,116,09-14-16-Wednesday,3,1.0
57,1,01-05-17-Thursday,116,09-15-16-Thursday,4,1.0
57,1,01-05-17-Thursday,116,09-16-16-Friday,5,1.0
57,1,01-05-17-Thursday,116,09-17-16-Saturday,6,1.0
57,1,01-05-17-Thursday,116,09-18-16-Sunday,7,1.0
57,1,01-05-17-Thursday,116,09-19-16-Monday,8,1.0
57,1,01-05-17-Thursday,116,09-20-16-Tuesday,9,1.0
57,1,01-05-17-Thursday,116,09-21-16-Wednesday,10,1.0
57,1,01-05-17-Thursday,116,09-22-16-Thursday,11,1.0
57,1,01-05-17-Thursday,116,09-24-16-Saturday,13,1.0
57,1,01-06-17-Friday,117,09-13-16-Tuesday,2,1.0
57,1,01-06-17-Friday,117,09-14-16-Wednesday,3,1.0
57,1,01-06-17-Friday,117,09-15-16-Thursday,4,1.0
57,1,01-06-17-Friday,117,09-16-16-Friday,5,1.0
57,1,01-06-17-Friday,117,09-17-16-Saturday,6,1.0
57,1,01-06-17-Friday,117,09-18-16-Sunday,7,1.0
57,1,01-06-17-Friday,117,09-19-16-Monday,8,1.0
57,1,01-06-17-Friday,117,09-20-16-Tuesday,9,1.0
57,1,01-06-17-Friday,117,09-21-16-Wednesday,10,1.0
57,1,01-06-17-Friday,117,09-22-16-Thursday,11,1.0
57,1,01-06-17-Friday,117,09-24-16-Saturday,13,1.0
57,1,01-07-17-Saturday,118,09-13-16-Tuesday,2,1.0
57,1,01-07-17-Saturday,118,09-14-16-Wednesday,3,1.0
57,1,01-07-17-Saturday,118,09-15-16-Thursday,4,1.0
57,1,01-07-17-Saturday,118,09-16-16-Friday,5,1.0
57,1,01-07-17-Saturday,118,09-17-16-Saturday,6,1.0
57,1,01-07-17-Saturday,118,09-18-16-Sunday,7,1.0
57,1,01-07-17-Saturday,118,09-19-16-Monday,8,1.0
57,1,01-07-17-Saturday,118,09-20-16-Tuesday,9,1.0
57,1,01-07-17-Saturday,118,09-21-16-Wednesday,10,1.0
57,1,01-07-17-Saturday,118,09-22-16-Thursday,11,1.0
57,1,01-07-17-Saturday,118,09-24-16-Saturday,13,1.0
57,1,01-08-17-Sunday,119,09-13-16-Tuesday,2,1.0
57,1,01-08-17-Sunday,119,09-14-16-Wednesday,3,1.0
57,1,01-08-17-Sunday,119,09-15-16-Thursday,4,1.0
57,1,01-08-17-Sunday,119,09-16-16-Friday,5,1.0
57,1,01-08-17-Sunday,119,09-17-16-Saturday,6,1.0
57,1,01-08-17-Sunday,119,09-18-16-Sunday,7,1.0
57,1,01-08-17-Sunday,119,09-19-16-Monday,8,1.0
57,1,01-08-17-Sunday,119,09-20-16-Tuesday,9,1.0
57,1,01-08-17-Sunday,119,09-21-16-Wednesday,10,1.0
57,1,01-08-17-Sunday,119,09-22-16-Thursday,11,1.0
57,1,01-08-17-Sunday,119,09-24-16-Saturday,13,1.0
57,1,01-09-17-Monday,120,09-13-16-Tuesday,2,1.0
57,1,01-09-17-Monday,120,09-14-16-Wednesday,3,1.0
57,1,01-09-17-Monday,120,09-15-16-Thursday,4,1.0
57,1,01-09-17-Monday,120,09-16-16-Friday,5,1.0
57,1,01-09-17-Monday,120,09-17-16-Saturday,6,1.0
57,1,01-09-17-Monday,120,09-18-16-Sunday,7,1.0
57,1,01-09-17-Monday,120,09-19-16-Monday,8,1.0
57,1,01-09-17-Monday,120,09-20-16-Tuesday,9,1.0
57,1,01-09-17-Monday,120,09-21-16-Wednesday,10,1.0
57,1,01-09-17-Monday,120,09-22-16-Thursday,11,1.0
57,1,01-09-17-Monday,120,09-24-16-Saturday,13,1.0
57,1,01-10-17-Tuesday,121,09-13-16-Tuesday,2,1.0
57,1,01-10-17-Tuesday,121,09-14-16-Wednesday,3,1.0
57,1,01-10-17-Tuesday,121,09-15-16-Thursday,4,1.0
57,1,01-10-17-Tuesday,121,09-16-16-Friday,5,1.0
57,1,01-10-17-Tuesday,121,09-17-16-Saturday,6,1.0
57,1,01-10-17-Tuesday,121,09-18-16-Sunday,7,1.0
57,1,01-10-17-Tuesday,121,09-19-16-Monday,8,1.0
57,1,01-10-17-Tuesday,121,09-20-16-Tuesday,9,1.0
57,1,01-10-17-Tuesday,121,09-21-16-Wednesday,10,1.0
57,1,01-10-17-Tuesday,121,09-22-16-Thursday,11,1.0
57,1,01-10-17-Tuesday,121,09-24-16-Saturday,13,1.0
57,1,01-11-17-Wednesday,122,09-13-16-Tuesday,2,1.0
57,1,01-11-17-Wednesday,122,09-14-16-Wednesday,3,1.0
57,1,01-11-17-Wednesday,122,09-15-16-Thursday,4,1.0
57,1,01-11-17-Wednesday,122,09-16-16-Friday,5,1.0
57,1,01-11-17-Wednesday,122,09-17-16-Saturday,6,1.0
57,1,01-11-17-Wednesday,122,09-18-16-Sunday,7,1.0
57,1,01-11-17-Wednesday,122,09-19-16-Monday,8,1.0
57,1,01-11-17-Wednesday,122,09-20-16-Tuesday,9,1.0
57,1,01-11-17-Wednesday,122,09-21-16-Wednesday,10,1.0
57,1,01-11-17-Wednesday,122,09-22-16-Thursday,11,1.0
57,1,01-11-17-Wednesday,122,09-24-16-Saturday,13,1.0
57,1,01-12-17-Thursday,123,09-13-16-Tuesday,2,1.0
57,1,01-12-17-Thursday,123,09-14-16-Wednesday,3,1.0
57,1,01-12-17-Thursday,123,09-15-16-Thursday,4,1.0
57,1,01-12-17-Thursday,123,09-16-16-Friday,5,1.0
57,1,01-12-17-Thursday,123,09-17-16-Saturday,6,1.0
57,1,01-12-17-Thursday,123,09-18-16-Sunday,7,1.0
57,1,01-12-17-Thursday,123,09-19-16-Monday,8,1.0
57,1,01-12-17-Thursday,123,09-20-16-Tuesday,9,1.0
57,1,01-12-17-Thursday,123,09-21-16-Wednesday,10,1.0
57,1,01-12-17-Thursday,123,09-22-16-Thursday,11,1.0
57,1,01-12-17-Thursday,123,09-24-16-Saturday,13,1.0
57,1,01-13-17-Friday,124,09-13-16-Tuesday,2,1.0
57,1,01-13-17-Friday,124,09-14-16-Wednesday,3,1.0
57,1,01-13-17-Friday,124,09-15-16-Thursday,4,1.0
57,1,01-13-17-Friday,124,09-16-16-Friday,5,1.0
57,1,01-13-17-Friday,124,09-17-16-Saturday,6,1.0
57,1,01-13-17-Friday,124,09-18-16-Sunday,7,1.0
57,1,01-13-17-Friday,124,09-19-16-Monday,8,1.0
57,1,01-13-17-Friday,124,09-20-16-Tuesday,9,1.0
57,1,01-13-17-Friday,124,09-21-16-Wednesday,10,1.0
57,1,01-13-17-Friday,124,09-22-16-Thursday,11,1.0
57,1,01-13-17-Friday,124,09-24-16-Saturday,13,1.0
57,1,01-14-17-Saturday,125,09-13-16-Tuesday,2,1.0
57,1,01-14-17-Saturday,125,09-14-16-Wednesday,3,1.0
57,1,01-14-17-Saturday,125,09-15-16-Thursday,4,1.0
57,1,01-14-17-Saturday,125,09-16-16-Friday,5,1.0
57,1,01-14-17-Saturday,125,09-17-16-Saturday,6,1.0
57,1,01-14-17-Saturday,125,09-18-16-Sunday,7,1.0
57,1,01-14-17-Saturday,125,09-19-16-Monday,8,1.0
57,1,01-14-17-Saturday,125,09-20-16-Tuesday,9,1.0
57,1,01-14-17-Saturday,125,09-21-16-Wednesday,10,1.0
57,1,01-14-17-Saturday,125,09-22-16-Thursday,11,1.0
57,1,01-14-17-Saturday,125,09-24-16-Saturday,13,1.0
57,1,01-15-17-Sunday,126,09-13-16-Tuesday,2,1.0
57,1,01-15-17-Sunday,126,09-14-16-Wednesday,3,1.0
57,1,01-15-17-Sunday,126,09-15-16-Thursday,4,1.0
57,1,01-15-17-Sunday,126,09-16-16-Friday,5,1.0
57,1,01-15-17-Sunday,126,09-17-16-Saturday,6,1.0
57,1,01-15-17-Sunday,126,09-18-16-Sunday,7,1.0
57,1,01-15-17-Sunday,126,09-19-16-Monday,8,1.0
57,1,01-15-17-Sunday,126,09-20-16-Tuesday,9,1.0
57,1,01-15-17-Sunday,126,09-21-16-Wednesday,10,1.0
57,1,01-15-17-Sunday,126,09-22-16-Thursday,11,1.0
57,1,01-15-17-Sunday,126,09-24-16-Saturday,13,1.0
57,1,01-16-17-Monday,127,09-13-16-Tuesday,2,1.0
57,1,01-16-17-Monday,127,09-14-16-Wednesday,3,1.0
57,1,01-16-17-Monday,127,09-15-16-Thursday,4,1.0
57,1,01-16-17-Monday,127,09-16-16-Friday,5,1.0
57,1,01-16-17-Monday,127,09-17-16-Saturday,6,1.0
57,1,01-16-17-Monday,127,09-18-16-Sunday,7,1.0
57,1,01-16-17-Monday,127,09-19-16-Monday,8,1.0
57,1,01-16-17-Monday,127,09-20-16-Tuesday,9,1.0
57,1,01-16-17-Monday,127,09-21-16-Wednesday,10,1.0
57,1,01-16-17-Monday,127,09-22-16-Thursday,11,1.0
57,1,01-16-17-Monday,127,09-24-16-Saturday,13,1.0
57,1,01-17-17-Tuesday,128,09-13-16-Tuesday,2,1.0
57,1,01-17-17-Tuesday,128,09-14-16-Wednesday,3,1.0
57,1,01-17-17-Tuesday,128,09-15-16-Thursday,4,1.0
57,1,01-17-17-Tuesday,128,09-16-16-Friday,5,1.0
57,1,01-17-17-Tuesday,128,09-17-16-Saturday,6,1.0
57,1,01-17-17-Tuesday,128,09-18-16-Sunday,7,1.0
57,1,01-17-17-Tuesday,128,09-19-16-Monday,8,1.0
57,1,01-17-17-Tuesday,128,09-20-16-Tuesday,9,1.0
57,1,01-17-17-Tuesday,128,09-21-16-Wednesday,10,1.0
57,1,01-17-17-Tuesday,128,09-22-16-Thursday,11,1.0
57,1,01-17-17-Tuesday,128,09-24-16-Saturday,13,1.0
57,1,01-18-17-Wednesday,129,09-13-16-Tuesday,2,1.0
57,1,01-18-17-Wednesday,129,09-14-16-Wednesday,3,1.0
57,1,01-18-17-Wednesday,129,09-15-16-Thursday,4,1.0
57,1,01-18-17-Wednesday,129,09-16-16-Friday,5,1.0
57,1,01-18-17-Wednesday,129,09-17-16-Saturday,6,1.0
57,1,01-18-17-Wednesday,129,09-18-16-Sunday,7,1.0
57,1,01-18-17-Wednesday,129,09-19-16-Monday,8,1.0
57,1,01-18-17-Wednesday,129,09-20-16-Tuesday,9,1.0
57,1,01-18-17-Wednesday,129,09-21-16-Wednesday,10,1.0
57,1,01-18-17-Wednesday,129,09-22-16-Thursday,11,1.0
57,1,01-18-17-Wednesday,129,09-24-16-Saturday,13,1.0
57,1,01-19-17-Thursday,130,09-13-16-Tuesday,2,1.0
57,1,01-19-17-Thursday,130,09-14-16-Wednesday,3,1.0
57,1,01-19-17-Thursday,130,09-15-16-Thursday,4,1.0
57,1,01-19-17-Thursday,130,09-16-16-Friday,5,1.0
57,1,01-19-17-Thursday,130,09-17-16-Saturday,6,1.0
57,1,01-19-17-Thursday,130,09-18-16-Sunday,7,1.0
57,1,01-19-17-Thursday,130,09-19-16-Monday,8,1.0
57,1,01-19-17-Thursday,130,09-20-16-Tuesday,9,1.0
57,1,01-19-17-Thursday,130,09-21-16-Wednesday,10,1.0
57,1,01-19-17-Thursday,130,09-22-16-Thursday,11,1.0
57,1,01-19-17-Thursday,130,09-24-16-Saturday,13,1.0
57,1,01-20-17-Friday,131,09-13-16-Tuesday,2,1.0
57,1,01-20-17-Friday,131,09-14-16-Wednesday,3,1.0
57,1,01-20-17-Friday,131,09-15-16-Thursday,4,1.0
57,1,01-20-17-Friday,131,09-16-16-Friday,5,1.0
57,1,01-20-17-Friday,131,09-17-16-Saturday,6,1.0
57,1,01-20-17-Friday,131,09-18-16-Sunday,7,1.0
57,1,01-20-17-Friday,131,09-19-16-Monday,8,1.0
57,1,01-20-17-Friday,131,09-20-16-Tuesday,9,1.0
57,1,01-20-17-Friday,131,09-21-16-Wednesday,10,1.0
57,1,01-20-17-Friday,131,09-22-16-Thursday,11,1.0
57,1,01-20-17-Friday,131,09-24-16-Saturday,13,1.0
57,1,01-21-17-Saturday,132,09-13-16-Tuesday,2,1.0
57,1,01-21-17-Saturday,132,09-14-16-Wednesday,3,1.0
57,1,01-21-17-Saturday,132,09-15-16-Thursday,4,1.0
57,1,01-21-17-Saturday,132,09-16-16-Friday,5,1.0
57,1,01-21-17-Saturday,132,09-17-16-Saturday,6,1.0
57,1,01-21-17-Saturday,132,09-18-16-Sunday,7,1.0
57,1,01-21-17-Saturday,132,09-19-16-Monday,8,1.0
57,1,01-21-17-Saturday,132,09-20-16-Tuesday,9,1.0
57,1,01-21-17-Saturday,132,09-21-16-Wednesday,10,1.0
57,1,01-21-17-Saturday,132,09-22-16-Thursday,11,1.0
57,1,01-21-17-Saturday,132,09-24-16-Saturday,13,1.0
57,1,01-22-17-Sunday,133,09-13-16-Tuesday,2,1.0
57,1,01-22-17-Sunday,133,09-14-16-Wednesday,3,1.0
57,1,01-22-17-Sunday,133,09-15-16-Thursday,4,1.0
57,1,01-22-17-Sunday,133,09-16-16-Friday,5,1.0
57,1,01-22-17-Sunday,133,09-17-16-Saturday,6,1.0
57,1,01-22-17-Sunday,133,09-18-16-Sunday,7,1.0
57,1,01-22-17-Sunday,133,09-19-16-Monday,8,1.0
57,1,01-22-17-Sunday,133,09-20-16-Tuesday,9,1.0
57,1,01-22-17-Sunday,133,09-21-16-Wednesday,10,1.0
57,1,01-22-17-Sunday,133,09-22-16-Thursday,11,1.0
57,1,01-22-17-Sunday,133,09-24-16-Saturday,13,1.0
57,1,01-23-17-Monday,134,09-13-16-Tuesday,2,1.0
57,1,01-23-17-Monday,134,09-14-16-Wednesday,3,1.0
57,1,01-23-17-Monday,134,09-15-16-Thursday,4,1.0
57,1,01-23-17-Monday,134,09-16-16-Friday,5,1.0
57,1,01-23-17-Monday,134,09-17-16-Saturday,6,1.0
57,1,01-23-17-Monday,134,09-18-16-Sunday,7,1.0
57,1,01-23-17-Monday,134,09-19-16-Monday,8,1.0
57,1,01-23-17-Monday,134,09-20-16-Tuesday,9,1.0
57,1,01-23-17-Monday,134,09-21-16-Wednesday,10,1.0
57,1,01-23-17-Monday,134,09-22-16-Thursday,11,1.0
57,1,01-23-17-Monday,134,09-24-16-Saturday,13,1.0
57,1,01-24-17-Tuesday,135,09-13-16-Tuesday,2,1.0
57,1,01-24-17-Tuesday,135,09-14-16-Wednesday,3,1.0
57,1,01-24-17-Tuesday,135,09-15-16-Thursday,4,1.0
57,1,01-24-17-Tuesday,135,09-16-16-Friday,5,1.0
57,1,01-24-17-Tuesday,135,09-17-16-Saturday,6,1.0
57,1,01-24-17-Tuesday,135,09-18-16-Sunday,7,1.0
57,1,01-24-17-Tuesday,135,09-19-16-Monday,8,1.0
57,1,01-24-17-Tuesday,135,09-20-16-Tuesday,9,1.0
57,1,01-24-17-Tuesday,135,09-21-16-Wednesday,10,1.0
57,1,01-24-17-Tuesday,135,09-22-16-Thursday,11,1.0
57,1,01-24-17-Tuesday,135,09-24-16-Saturday,13,1.0
57,1,01-25-17-Wednesday,136,09-13-16-Tuesday,2,1.0
57,1,01-25-17-Wednesday,136,09-14-16-Wednesday,3,1.0
57,1,01-25-17-Wednesday,136,09-15-16-Thursday,4,1.0
57,1,01-25-17-Wednesday,136,09-16-16-Friday,5,1.0
57,1,01-25-17-Wednesday,136,09-17-16-Saturday,6,1.0
57,1,01-25-17-Wednesday,136,09-18-16-Sunday,7,1.0
57,1,01-25-17-Wednesday,136,09-19-16-Monday,8,1.0
57,1,01-25-17-Wednesday,136,09-20-16-Tuesday,9,1.0
57,1,01-25-17-Wednesday,136,09-21-16-Wednesday,10,1.0
57,1,01-25-17-Wednesday,136,09-22-16-Thursday,11,1.0
57,1,01-25-17-Wednesday,136,09-24-16-Saturday,13,1.0
57,1,01-26-17-Thursday,137,09-13-16-Tuesday,2,1.0
57,1,01-26-17-Thursday,137,09-14-16-Wednesday,3,1.0
57,1,01-26-17-Thursday,137,09-15-16-Thursday,4,1.0
57,1,01-26-17-Thursday,137,09-16-16-Friday,5,1.0
57,1,01-26-17-Thursday,137,09-17-16-Saturday,6,1.0
57,1,01-26-17-Thursday,137,09-18-16-Sunday,7,1.0
57,1,01-26-17-Thursday,137,09-19-16-Monday,8,1.0
57,1,01-26-17-Thursday,137,09-20-16-Tuesday,9,1.0
57,1,01-26-17-Thursday,137,09-21-16-Wednesday,10,1.0
57,1,01-26-17-Thursday,137,09-22-16-Thursday,11,1.0
57,1,01-26-17-Thursday,137,09-24-16-Saturday,13,1.0
57,1,01-27-17-Friday,138,09-13-16-Tuesday,2,1.0
57,1,01-27-17-Friday,138,09-14-16-Wednesday,3,1.0
57,1,01-27-17-Friday,138,09-15-16-Thursday,4,1.0
57,1,01-27-17-Friday,138,09-16-16-Friday,5,1.0
57,1,01-27-17-Friday,138,09-17-16-Saturday,6,1.0
57,1,01-27-17-Friday,138,09-18-16-Sunday,7,1.0
57,1,01-27-17-Friday,138,09-19-16-Monday,8,1.0
57,1,01-27-17-Friday,138,09-20-16-Tuesday,9,1.0
57,1,01-27-17-Friday,138,09-21-16-Wednesday,10,1.0
57,1,01-27-17-Friday,138,09-22-16-Thursday,11,1.0
57,1,01-27-17-Friday,138,09-24-16-Saturday,13,1.0
57,1,01-28-17-Saturday,139,09-13-16-Tuesday,2,1.0
57,1,01-28-17-Saturday,139,09-14-16-Wednesday,3,1.0
57,1,01-28-17-Saturday,139,09-15-16-Thursday,4,1.0
57,1,01-28-17-Saturday,139,09-16-16-Friday,5,1.0
57,1,01-28-17-Saturday,139,09-17-16-Saturday,6,1.0
57,1,01-28-17-Saturday,139,09-18-16-Sunday,7,1.0
57,1,01-28-17-Saturday,139,09-19-16-Monday,8,1.0
57,1,01-28-17-Saturday,139,09-20-16-Tuesday,9,1.0
57,1,01-28-17-Saturday,139,09-21-16-Wednesday,10,1.0
57,1,01-28-17-Saturday,139,09-22-16-Thursday,11,1.0
57,1,01-28-17-Saturday,139,09-24-16-Saturday,13,1.0
57,1,01-29-17-Sunday,140,09-13-16-Tuesday,2,1.0
57,1,01-29-17-Sunday,140,09-14-16-Wednesday,3,1.0
57,1,01-29-17-Sunday,140,09-15-16-Thursday,4,1.0
57,1,01-29-17-Sunday,140,09-16-16-Friday,5,1.0
57,1,01-29-17-Sunday,140,09-17-16-Saturday,6,1.0
57,1,01-29-17-Sunday,140,09-18-16-Sunday,7,1.0
57,1,01-29-17-Sunday,140,09-19-16-Monday,8,1.0
57,1,01-29-17-Sunday,140,09-20-16-Tuesday,9,1.0
57,1,01-29-17-Sunday,140,09-21-16-Wednesday,10,1.0
57,1,01-29-17-Sunday,140,09-22-16-Thursday,11,1.0
57,1,01-29-17-Sunday,140,09-24-16-Saturday,13,1.0
57,1,01-30-17-Monday,141,09-13-16-Tuesday,2,1.0
57,1,01-30-17-Monday,141,09-14-16-Wednesday,3,1.0
57,1,01-30-17-Monday,141,09-15-16-Thursday,4,1.0
57,1,01-30-17-Monday,141,09-16-16-Friday,5,1.0
57,1,01-30-17-Monday,141,09-17-16-Saturday,6,1.0
57,1,01-30-17-Monday,141,09-18-16-Sunday,7,1.0
57,1,01-30-17-Monday,141,09-19-16-Monday,8,1.0
57,1,01-30-17-Monday,141,09-20-16-Tuesday,9,1.0
57,1,01-30-17-Monday,141,09-21-16-Wednesday,10,1.0
57,1,01-30-17-Monday,141,09-22-16-Thursday,11,1.0
57,1,01-30-17-Monday,141,09-24-16-Saturday,13,1.0
57,1,01-31-17-Tuesday,142,09-13-16-Tuesday,2,1.0
57,1,01-31-17-Tuesday,142,09-14-16-Wednesday,3,1.0
57,1,01-31-17-Tuesday,142,09-15-16-Thursday,4,1.0
57,1,01-31-17-Tuesday,142,09-16-16-Friday,5,1.0
57,1,01-31-17-Tuesday,142,09-17-16-Saturday,6,1.0
57,1,01-31-17-Tuesday,142,09-18-16-Sunday,7,1.0
57,1,01-31-17-Tuesday,142,09-19-16-Monday,8,1.0
57,1,01-31-17-Tuesday,142,09-20-16-Tuesday,9,1.0
57,1,01-31-17-Tuesday,142,09-21-16-Wednesday,10,1.0
57,1,01-31-17-Tuesday,142,09-22-16-Thursday,11,1.0
57,1,01-31-17-Tuesday,142,09-24-16-Saturday,13,1.0
57,1,02-01-17-Wednesday,143,09-13-16-Tuesday,2,1.0
57,1,02-01-17-Wednesday,143,09-14-16-Wednesday,3,1.0
57,1,02-01-17-Wednesday,143,09-15-16-Thursday,4,1.0
57,1,02-01-17-Wednesday,143,09-16-16-Friday,5,1.0
57,1,02-01-17-Wednesday,143,09-17-16-Saturday,6,1.0
57,1,02-01-17-Wednesday,143,09-18-16-Sunday,7,1.0
57,1,02-01-17-Wednesday,143,09-19-16-Monday,8,1.0
57,1,02-01-17-Wednesday,143,09-20-16-Tuesday,9,1.0
57,1,02-01-17-Wednesday,143,09-21-16-Wednesday,10,1.0
57,1,02-01-17-Wednesday,143,09-22-16-Thursday,11,1.0
57,1,02-01-17-Wednesday,143,09-24-16-Saturday,13,1.0
57,1,02-02-17-Thursday,144,09-13-16-Tuesday,2,1.0
57,1,02-02-17-Thursday,144,09-14-16-Wednesday,3,1.0
57,1,02-02-17-Thursday,144,09-15-16-Thursday,4,1.0
57,1,02-02-17-Thursday,144,09-16-16-Friday,5,1.0
57,1,02-02-17-Thursday,144,09-17-16-Saturday,6,1.0
57,1,02-02-17-Thursday,144,09-18-16-Sunday,7,1.0
57,1,02-02-17-Thursday,144,09-19-16-Monday,8,1.0
57,1,02-02-17-Thursday,144,09-20-16-Tuesday,9,1.0
57,1,02-02-17-Thursday,144,09-21-16-Wednesday,10,1.0
57,1,02-02-17-Thursday,144,09-22-16-Thursday,11,1.0
57,1,02-02-17-Thursday,144,09-24-16-Saturday,13,1.0
57,1,02-03-17-Friday,145,09-13-16-Tuesday,2,1.0
57,1,02-03-17-Friday,145,09-14-16-Wednesday,3,1.0
57,1,02-03-17-Friday,145,09-15-16-Thursday,4,1.0
57,1,02-03-17-Friday,145,09-16-16-Friday,5,1.0
57,1,02-03-17-Friday,145,09-17-16-Saturday,6,1.0
57,1,02-03-17-Friday,145,09-18-16-Sunday,7,1.0
57,1,02-03-17-Friday,145,09-19-16-Monday,8,1.0
57,1,02-03-17-Friday,145,09-20-16-Tuesday,9,1.0
57,1,02-03-17-Friday,145,09-21-16-Wednesday,10,1.0
57,1,02-03-17-Friday,145,09-22-16-Thursday,11,1.0
57,1,02-03-17-Friday,145,09-24-16-Saturday,13,1.0
57,1,02-04-17-Saturday,146,09-13-16-Tuesday,2,1.0
57,1,02-04-17-Saturday,146,09-14-16-Wednesday,3,1.0
57,1,02-04-17-Saturday,146,09-15-16-Thursday,4,1.0
57,1,02-04-17-Saturday,146,09-16-16-Friday,5,1.0
57,1,02-04-17-Saturday,146,09-17-16-Saturday,6,1.0
57,1,02-04-17-Saturday,146,09-18-16-Sunday,7,1.0
57,1,02-04-17-Saturday,146,09-19-16-Monday,8,1.0
57,1,02-04-17-Saturday,146,09-20-16-Tuesday,9,1.0
57,1,02-04-17-Saturday,146,09-21-16-Wednesday,10,1.0
57,1,02-04-17-Saturday,146,09-22-16-Thursday,11,1.0
57,1,02-04-17-Saturday,146,09-24-16-Saturday,13,1.0
57,1,02-05-17-Sunday,147,09-13-16-Tuesday,2,1.0
57,1,02-05-17-Sunday,147,09-14-16-Wednesday,3,1.0
57,1,02-05-17-Sunday,147,09-15-16-Thursday,4,1.0
57,1,02-05-17-Sunday,147,09-16-16-Friday,5,1.0
57,1,02-05-17-Sunday,147,09-17-16-Saturday,6,1.0
57,1,02-05-17-Sunday,147,09-18-16-Sunday,7,1.0
57,1,02-05-17-Sunday,147,09-19-16-Monday,8,1.0
57,1,02-05-17-Sunday,147,09-20-16-Tuesday,9,1.0
57,1,02-05-17-Sunday,147,09-21-16-Wednesday,10,1.0
57,1,02-05-17-Sunday,147,09-22-16-Thursday,11,1.0
57,1,02-05-17-Sunday,147,09-24-16-Saturday,13,1.0
57,1,02-06-17-Monday,148,09-13-16-Tuesday,2,1.0
57,1,02-06-17-Monday,148,09-14-16-Wednesday,3,1.0
57,1,02-06-17-Monday,148,09-15-16-Thursday,4,1.0
57,1,02-06-17-Monday,148,09-16-16-Friday,5,1.0
57,1,02-06-17-Monday,148,09-17-16-Saturday,6,1.0
57,1,02-06-17-Monday,148,09-18-16-Sunday,7,1.0
57,1,02-06-17-Monday,148,09-19-16-Monday,8,1.0
57,1,02-06-17-Monday,148,09-20-16-Tuesday,9,1.0
57,1,02-06-17-Monday,148,09-21-16-Wednesday,10,1.0
57,1,02-06-17-Monday,148,09-22-16-Thursday,11,1.0
57,1,02-06-17-Monday,148,09-24-16-Saturday,13,1.0
57,1,02-07-17-Tuesday,149,09-13-16-Tuesday,2,1.0
57,1,02-07-17-Tuesday,149,09-14-16-Wednesday,3,1.0
57,1,02-07-17-Tuesday,149,09-15-16-Thursday,4,1.0
57,1,02-07-17-Tuesday,149,09-16-16-Friday,5,1.0
57,1,02-07-17-Tuesday,149,09-17-16-Saturday,6,1.0
57,1,02-07-17-Tuesday,149,09-18-16-Sunday,7,1.0
57,1,02-07-17-Tuesday,149,09-19-16-Monday,8,1.0
57,1,02-07-17-Tuesday,149,09-20-16-Tuesday,9,1.0
57,1,02-07-17-Tuesday,149,09-21-16-Wednesday,10,1.0
57,1,02-07-17-Tuesday,149,09-22-16-Thursday,11,1.0
57,1,02-07-17-Tuesday,149,09-24-16-Saturday,13,1.0
57,1,02-08-17-Wednesday,150,09-13-16-Tuesday,2,1.0
57,1,02-08-17-Wednesday,150,09-14-16-Wednesday,3,1.0
57,1,02-08-17-Wednesday,150,09-15-16-Thursday,4,1.0
57,1,02-08-17-Wednesday,150,09-16-16-Friday,5,1.0
57,1,02-08-17-Wednesday,150,09-17-16-Saturday,6,1.0
57,1,02-08-17-Wednesday,150,09-18-16-Sunday,7,1.0
57,1,02-08-17-Wednesday,150,09-19-16-Monday,8,1.0
57,1,02-08-17-Wednesday,150,09-20-16-Tuesday,9,1.0
57,1,02-08-17-Wednesday,150,09-21-16-Wednesday,10,1.0
57,1,02-08-17-Wednesday,150,09-22-16-Thursday,11,1.0
57,1,02-08-17-Wednesday,150,09-24-16-Saturday,13,1.0
57,1,02-09-17-Thursday,151,09-13-16-Tuesday,2,1.0
57,1,02-09-17-Thursday,151,09-14-16-Wednesday,3,1.0
57,1,02-09-17-Thursday,151,09-15-16-Thursday,4,1.0
57,1,02-09-17-Thursday,151,09-16-16-Friday,5,1.0
57,1,02-09-17-Thursday,151,09-17-16-Saturday,6,1.0
57,1,02-09-17-Thursday,151,09-18-16-Sunday,7,1.0
57,1,02-09-17-Thursday,151,09-19-16-Monday,8,1.0
57,1,02-09-17-Thursday,151,09-20-16-Tuesday,9,1.0
57,1,02-09-17-Thursday,151,09-21-16-Wednesday,10,1.0
57,1,02-09-17-Thursday,151,09-22-16-Thursday,11,1.0
57,1,02-09-17-Thursday,151,09-24-16-Saturday,13,1.0
57,1,02-10-17-Friday,152,09-13-16-Tuesday,2,1.0
57,1,02-10-17-Friday,152,09-14-16-Wednesday,3,1.0
57,1,02-10-17-Friday,152,09-15-16-Thursday,4,1.0
57,1,02-10-17-Friday,152,09-16-16-Friday,5,1.0
57,1,02-10-17-Friday,152,09-17-16-Saturday,6,1.0
57,1,02-10-17-Friday,152,09-18-16-Sunday,7,1.0
57,1,02-10-17-Friday,152,09-19-16-Monday,8,1.0
57,1,02-10-17-Friday,152,09-20-16-Tuesday,9,1.0
57,1,02-10-17-Friday,152,09-21-16-Wednesday,10,1.0
57,1,02-10-17-Friday,152,09-22-16-Thursday,11,1.0
57,1,02-10-17-Friday,152,09-24-16-Saturday,13,1.0
57,1,02-11-17-Saturday,153,09-13-16-Tuesday,2,1.0
57,1,02-11-17-Saturday,153,09-14-16-Wednesday,3,1.0
57,1,02-11-17-Saturday,153,09-15-16-Thursday,4,1.0
57,1,02-11-17-Saturday,153,09-16-16-Friday,5,1.0
57,1,02-11-17-Saturday,153,09-17-16-Saturday,6,1.0
57,1,02-11-17-Saturday,153,09-18-16-Sunday,7,1.0
57,1,02-11-17-Saturday,153,09-19-16-Monday,8,1.0
57,1,02-11-17-Saturday,153,09-20-16-Tuesday,9,1.0
57,1,02-11-17-Saturday,153,09-21-16-Wednesday,10,1.0
57,1,02-11-17-Saturday,153,09-22-16-Thursday,11,1.0
57,1,02-11-17-Saturday,153,09-24-16-Saturday,13,1.0
57,1,02-12-17-Sunday,154,09-13-16-Tuesday,2,1.0
57,1,02-12-17-Sunday,154,09-14-16-Wednesday,3,1.0
57,1,02-12-17-Sunday,154,09-15-16-Thursday,4,1.0
57,1,02-12-17-Sunday,154,09-16-16-Friday,5,1.0
57,1,02-12-17-Sunday,154,09-17-16-Saturday,6,1.0
57,1,02-12-17-Sunday,154,09-18-16-Sunday,7,1.0
57,1,02-12-17-Sunday,154,09-19-16-Monday,8,1.0
57,1,02-12-17-Sunday,154,09-20-16-Tuesday,9,1.0
57,1,02-12-17-Sunday,154,09-21-16-Wednesday,10,1.0
57,1,02-12-17-Sunday,154,09-22-16-Thursday,11,1.0
57,1,02-12-17-Sunday,154,09-24-16-Saturday,13,1.0
57,1,02-13-17-Monday,155,02-13-17-Monday,155,1.0
57,2,02-13-17-Monday,155,02-13-17-Monday,155,1.0
57,9,02-13-17-Monday,155,02-13-17-Monday,155,1.0
57,11,02-13-17-Monday,155,02-13-17-Monday,155,1.0
57,12,02-13-17-Monday,155,02-13-17-Monday,155,1.0
57,14,02-13-17-Monday,155,02-13-17-Monday,155,1.0
57,15,02-13-17-Monday,155,02-13-17-Monday,155,1.0
57,17,02-13-17-Monday,155,02-13-17-Monday,155,1.0
57,20,02-13-17-Monday,155,02-13-17-Monday,155,1.0
57,21,02-13-17-Monday,155,02-13-17-Monday,155,1.0
57,24,02-13-17-Monday,155,02-13-17-Monday,155,1.0
